DATE;INDPRO_PCH;WILL5000PR_PCH;HSN1F_PCH;DCOILBRENTEU_PCH;CORESTICKM159SFRBATL_PCH;TOTALSA_PCH;CPIUFDSL_PCH;DEXJPUS_PCH;MICH_PCH;VIXCLS_PCH;PAYEMS_PCH;PPIACO_PCH
1990-02-01;0.91947;-3.06131;-4.67742;-6.76798;0.23749;-11.92666;0.84811;0.49058;0.00000;-0.36253;0.22255;-0.43516
1990-03-01;0.47580;2.30495;-2.87648;-7.19826;5.57117;0.85637;0.15291;5.22675;-9.75610;-13.75751;0.18733;-0.17483
1990-04-01;-0.23533;-0.56510;-5.57491;-9.65433;1.64616;-1.41516;-0.15267;3.35950;-2.70270;6.68532;0.03101;-0.08757
1990-05-01;0.30100;3.04325;-1.47601;-1.56412;-2.08932;-1.81360;0.22936;-2.78589;-5.55556;-15.44501;0.14863;0.43821
1990-06-01;0.33047;3.02253;2.05993;-7.62898;3.94766;0.90572;0.76278;-0.22615;11.76471;-7.04700;0.02094;-0.26178
1990-07-01;-0.16636;-0.32494;-0.55046;13.66674;2.71675;-0.48060;0.52990;-3.02949;-10.52632;9.33564;-0.03186;0.17498
1990-08-01;0.36137;-8.61755;-2.58303;58.23430;5.79459;-1.57659;0.30120;-1.05922;35.29412;53.18565;-0.19304;1.74672
1990-09-01;0.03165;-4.91487;-6.06061;28.45915;1.61215;3.16762;0.30030;-6.11711;2.17391;3.30841;-0.08211;1.63090
1990-10-01;-0.62007;-3.75806;-6.25000;3.21960;-2.22338;-3.83970;0.37425;-6.39236;2.12766;1.78059;-0.13331;2.02703
1990-11-01;-1.24612;2.52012;6.02151;-8.20411;-1.99013;-4.47305;0.29828;-0.28969;-2.08333;-15.99944;-0.14080;-0.57947
1990-12-01;-0.70180;4.68490;-5.88235;-14.49703;-0.56336;-1.34003;0.07435;3.61683;0.00000;-6.11883;-0.04761;-1.16570
1991-01-01;-0.32760;-0.66449;-13.57759;-16.64858;2.90560;-8.71276;0.29718;-0.14223;-17.02128;17.40398;-0.10717;0.25274
1991-02-01;-0.72169;12.03185;20.19950;-17.10219;0.80939;4.90320;0.07407;-2.36561;-12.82051;-21.25725;-0.29344;-1.51261
1991-03-01;-0.56931;3.29672;5.18672;-2.32136;-6.61976;3.53775;0.14804;5.24827;-2.94118;-17.84487;-0.14899;-0.85324
1991-04-01;0.26349;2.56051;0.19724;0.51094;-3.61918;-6.30448;0.59128;-0.19939;-3.03030;-2.09355;-0.19987;-0.17212
1991-05-01;0.99445;-0.59083;1.77165;0.03555;-1.01806;3.72986;0.36738;0.80889;-3.12500;-2.53532;-0.09414;0.43103
1991-06-01;0.80895;0.16855;-0.19342;-5.31260;-5.51067;1.85793;0.58565;1.10379;6.45161;1.19728;0.08129;-0.08584
1991-07-01;0.26299;0.36938;-0.96899;6.76734;-4.48347;1.98915;-0.50946;-1.37212;-6.06061;0.92846;-0.04431;-0.25773
1991-08-01;0.02106;2.75600;2.93542;1.93727;-6.79584;-3.13753;-0.36576;-0.73543;3.22581;-9.32531;0.01108;0.08613
1991-09-01;0.82675;-0.22180;-7.41445;3.68779;1.14954;4.31357;0.14684;-1.83959;-6.25000;8.13154;0.02862;-0.08606
1991-10-01;-0.10266;0.40902;7.59754;8.31231;-3.47923;-6.79026;-0.14663;-2.62639;6.66667;-3.49475;0.02677;0.25840
1991-11-01;-0.13541;0.23426;9.73282;-4.94241;1.41491;2.93853;0.36711;-0.87187;-9.37500;8.61400;-0.05722;0.00000
1991-12-01;-0.46298;0.51370;-2.95652;-12.77973;-0.06230;0.65204;0.21946;-1.22854;-6.89655;3.23020;0.02770;-0.42955
1992-01-01;-0.51933;7.99826;21.14695;-1.34331;-6.77849;-0.52931;-0.29197;-2.01352;0.00000;-3.62138;0.03415;-0.25884
1992-02-01;0.71573;-0.04580;-5.47337;-0.60636;-4.70210;2.66857;0.36603;1.78343;-3.70370;-1.16389;-0.05075;0.34602
1992-03-01;0.83821;-1.41370;-13.45853;-2.34077;2.95407;-0.79678;0.36470;4.04371;0.00000;0.24653;0.04524;0.08621
1992-04-01;0.77215;-1.28722;-1.26582;7.30614;2.27862;-2.13662;-0.07267;0.50941;15.38462;-5.46560;0.14212;0.17227
1992-05-01;0.32528;1.48497;1.46520;5.12421;-3.44351;4.36653;-0.21818;-2.07320;-3.33333;-8.97102;0.12256;0.77386
1992-06-01;0.05971;-1.92256;7.58123;6.38400;-1.68658;3.39747;0.29155;-3.00949;6.89655;0.83692;0.06351;0.68259
1992-07-01;0.89784;1.41476;5.20134;-4.35605;-2.35276;-5.09488;-0.14535;-0.75193;-12.90323;-10.53308;0.07543;-0.08475
1992-08-01;-0.54769;0.71676;1.43541;-2.46300;-3.74725;0.15561;0.72780;0.27741;3.70370;6.02924;0.11397;-0.16964
1992-09-01;0.31708;0.24646;2.20126;2.69481;-7.68669;3.92294;0.36127;-2.87908;7.14286;-5.02873;0.02846;0.25489
1992-10-01;0.68483;-1.12508;-4.46154;-0.04036;8.55947;2.07056;0.00000;-1.16759;-6.66667;28.76723;0.16613;0.08475
1992-11-01;0.38264;3.54409;-1.12721;-5.16998;-0.17726;-3.20029;-0.14399;2.24055;3.57143;-18.21371;0.13286;-0.25402
1992-12-01;0.14563;3.20597;5.86319;-5.59356;-4.16610;4.28204;0.07210;0.12989;-3.44828;-15.48155;0.20132;-0.16978
1993-01-01;0.40207;0.78723;-8.30769;-4.15404;1.44304;-2.37232;0.21614;0.76769;3.57143;1.78517;0.26941;0.34014
1993-02-01;0.46947;1.14229;1.34228;6.21371;0.94655;-3.62637;0.35945;-3.38713;10.34483;10.57764;0.22679;0.33898
1993-03-01;-0.08779;1.68415;-0.33113;1.72694;-6.38504;2.75272;0.00000;-3.09879;-3.12500;-0.84168;-0.04725;0.25338
1993-04-01;0.29150;-1.70235;16.44518;-0.58939;2.09360;9.01246;0.28653;-3.93619;-3.22581;-5.62347;0.27547;0.50548
1993-05-01;-0.38533;0.89148;-10.69900;-0.89215;3.77467;-0.05507;0.71429;-1.84000;-3.33333;5.95787;0.24933;0.33529
1993-06-01;0.22358;0.65727;4.31310;-4.62056;1.03575;-0.19974;-0.28369;-2.65643;20.68966;-7.95171;0.16370;-0.16708
1993-07-01;0.25325;0.51135;0.30628;-4.96962;-4.11031;-0.26915;0.00000;0.26032;-14.28571;-8.17317;0.27900;-0.25105
1993-08-01;-0.10811;1.76883;-1.52672;-0.47250;2.51837;-5.99958;0.35562;-3.64600;6.66667;3.72298;0.13416;-0.41946
1993-09-01;0.52083;1.42246;12.55814;-4.09897;3.80679;2.98881;0.21262;1.74410;-6.25000;8.40660;0.22031;0.00000
1993-10-01;0.73714;1.40071;-3.03030;3.71506;-5.97538;6.58327;0.42433;1.36892;10.00000;-8.16762;0.25122;0.33698
1993-11-01;0.46713;-0.73284;9.23295;-8.49239;0.33695;-0.19449;0.21127;0.80032;-15.15152;18.59812;0.22912;-0.08396
1993-12-01;0.57769;0.47891;5.59168;-9.67764;3.26513;0.81978;0.35137;1.88785;7.14286;-19.36582;0.29824;-0.33613
1994-01-01;0.31851;1.77037;-23.76847;4.12209;-4.86733;2.49933;0.07003;1.39061;-6.66667;-0.58018;0.24394;0.42159
1994-02-01;0.05182;-0.02582;10.82391;-3.42511;1.18967;0.91683;-0.13996;-4.61269;0.00000;20.84708;0.16075;0.16793
1994-03-01;1.01247;-1.21761;8.89213;0.14932;4.51505;-1.41108;0.00000;-1.13231;7.14286;11.57464;0.40876;0.33529
1994-04-01;0.58370;-4.06140;-7.36278;10.19323;-6.04326;4.65329;0.21023;-1.53487;0.00000;8.19507;0.30643;0.00000
1994-05-01;0.46997;0.34317;-0.14451;6.27920;-3.84166;-8.96771;0.20979;0.25999;3.33333;-15.62687;0.29581;0.16708
1994-06-01;0.66939;0.55015;-10.13025;3.55314;-0.95471;3.64958;0.34892;-1.18258;-12.90323;-3.51516;0.27562;0.50042
1994-07-01;0.12046;-0.85905;1.12721;4.98916;1.22519;-1.54875;0.55633;-3.98079;7.40741;-6.89210;0.32389;0.16598
1994-08-01;0.66938;2.82943;4.45860;-4.01600;2.25222;3.25378;0.34578;1.51906;6.89655;-4.76887;0.25478;0.41425
1994-09-01;0.29814;0.98190;3.20122;-5.90625;-1.58564;-0.55342;0.13784;-1.16684;9.67742;11.30615;0.30810;-0.16502
1994-10-01;0.81742;-0.76019;5.61300;3.74631;-2.76612;4.05919;0.00000;-0.42651;-11.76471;15.20331;0.17787;-0.08264
1994-11-01;0.66844;-0.76560;-9.65035;4.25026;-1.13714;-0.02517;0.20647;-0.31417;6.66667;7.46837;0.35944;0.49628
1994-12-01;1.00033;-1.84197;-2.63158;-7.32556;-7.25112;-1.92574;0.82418;2.18104;-6.25000;-13.46858;0.26149;0.32922
1995-01-01;0.18962;2.47758;-0.47695;3.89094;8.36666;-5.02438;-0.06812;-0.41562;0.00000;-13.42201;0.28233;0.82034
1995-02-01;-0.12038;3.46932;-10.70288;3.39898;-0.63929;0.40538;0.40900;-1.53274;0.00000;-6.55261;0.16223;0.48820
1995-03-01;0.13864;2.03494;10.19678;-0.63092;1.38859;2.65796;-0.13578;-7.85579;6.66667;6.07255;0.18339;0.32389
1995-04-01;-0.17787;2.65766;0.81169;9.65401;4.39477;-5.75511;0.67981;-7.54540;3.12500;2.26942;0.13515;0.56497
1995-05-01;0.48073;2.90484;8.53462;-1.59491;1.47005;2.97677;0.06752;1.70060;-9.09091;-1.42030;-0.01281;0.24077
1995-06-01;0.33369;3.17208;7.56677;-5.65739;-0.68581;4.05917;0.06748;-0.56075;-3.33333;-3.00908;0.20162;0.32026
1995-07-01;-0.41412;3.87030;5.51724;-8.42410;1.64048;-4.58882;0.13486;3.26287;0.00000;5.18779;0.07759;0.00000
1995-08-01;1.30742;1.20732;-8.36601;1.52689;-4.39357;4.54422;0.06734;8.39990;0.00000;2.27154;0.22321;-0.15962
1995-09-01;0.38699;3.82235;-3.28103;3.74718;3.50684;-0.19521;0.33647;6.12977;-3.44828;-5.79189;0.20486;0.07994
1995-10-01;-0.16144;-0.13347;2.65487;-3.52474;3.35408;-3.10992;0.26828;0.29196;3.57143;19.07832;0.12640;0.07987
1995-11-01;0.24124;1.92931;-4.59770;4.65523;-2.42935;3.49236;0.06689;1.09179;-3.44828;-13.15170;0.11777;0.07981
1995-12-01;0.34297;2.66084;6.77711;6.31255;-0.00388;5.73472;0.20053;-0.08878;-3.57143;-5.77869;0.13286;0.23923
1996-01-01;-0.52160;-0.23877;0.70522;-0.40212;-3.04023;-8.91649;0.33356;3.83107;3.70370;14.68389;-0.00592;0.47733
1996-02-01;1.44972;5.60989;7.70308;0.81703;-0.52299;5.23224;0.26596;0.03458;0.00000;11.57344;0.35159;-0.07918
1996-03-01;-0.16119;0.13227;-6.24187;10.29420;-3.84778;2.93193;0.39788;0.14368;3.57143;18.15593;0.21561;0.15848
1996-04-01;1.01496;0.76317;2.08044;5.28209;-4.13855;-3.60259;0.39630;1.18892;3.44828;-6.68347;0.13951;0.79114
1996-05-01;0.73802;2.99794;1.35870;-8.35261;1.43086;3.40747;-0.06579;-0.79970;3.33333;-2.58744;0.27947;0.54945
1996-06-01;0.75306;0.47352;-3.35121;-3.64537;0.13165;-4.60827;0.65833;2.46161;-6.45161;1.53989;0.23517;-0.07806
1996-07-01;-0.00332;-4.69276;6.79612;6.03782;1.16774;-1.19297;0.32701;0.21192;3.44828;9.65926;0.20539;0.00000
1996-08-01;0.50600;2.61321;7.27273;4.81078;-0.12788;2.73318;0.32595;-1.21347;3.33333;-12.33788;0.15415;0.23438
1996-09-01;0.62516;2.24124;-6.77966;10.32594;-0.66104;0.30996;0.45484;1.91450;3.22581;5.18732;0.16722;-0.07794
1996-10-01;-0.01456;3.47309;-6.49351;6.77022;-3.89634;-1.45487;0.58215;2.25712;-6.25000;-1.18386;0.21677;-0.15601
1996-11-01;0.88534;3.63917;7.08333;-5.80684;1.24497;2.63914;0.38585;-0.10362;0.00000;-2.34859;0.23702;0.15625
1996-12-01;0.62293;1.16448;4.40986;4.49691;2.55106;-3.36685;0.12812;1.50065;0.00000;20.40353;0.16205;0.70203
1997-01-01;0.18185;3.14756;3.10559;-1.03175;-4.71161;3.28657;-0.25592;3.44920;0.00000;1.10265;0.17995;0.46476
1997-02-01;1.17502;3.10258;-3.49398;-11.41616;-3.77523;-2.62084;0.38486;4.28261;0.00000;3.42078;0.25708;-0.92521
1997-03-01;0.64011;-1.24177;3.74532;-8.23733;1.86062;3.56886;0.06390;-0.15313;-6.66667;0.15157;0.25806;-0.93385
1997-04-01;0.08337;-4.04748;-10.46931;-8.24278;1.97268;-4.79262;-0.06386;2.33268;7.14286;-2.51724;0.24183;-0.23566
1997-05-01;0.56803;8.47332;2.15054;8.35586;-1.39878;0.19923;0.06390;-5.13010;-3.33333;1.33499;0.21834;0.31496
1997-06-01;0.45782;5.50556;4.34211;-7.58486;-1.45486;-3.73807;0.19157;-4.11659;-3.44828;1.35271;0.21624;-0.15699
1997-07-01;0.84606;5.58014;1.51324;5.03129;-2.69428;7.18810;0.19120;0.95392;-3.57143;1.65792;0.24101;-0.23585
1997-08-01;1.00174;1.05392;1.24224;0.70947;-3.58139;3.72559;0.31807;2.21330;0.00000;12.44902;-0.01625;0.23641
1997-09-01;0.92488;2.25184;3.06748;-0.72355;-4.10249;-6.51474;0.19023;2.51038;3.70370;3.15195;0.39401;0.23585
1997-10-01;0.88703;1.84406;-4.76190;7.60668;2.91168;2.21913;0.18987;0.14100;0.00000;0.24562;0.27999;0.23529
1997-11-01;0.80516;-1.93041;8.00000;-3.47848;-2.68509;2.55330;0.18951;3.56947;3.57143;34.91805;0.24773;0.07825
1997-12-01;0.42010;1.77954;-8.21759;-10.39055;2.86257;4.10111;0.06305;3.47134;-3.44828;-18.41187;0.25839;-0.86005
1998-01-01;0.45714;-0.05799;9.96217;-11.61244;1.96993;-10.22824;0.50410;-0.14383;-17.85714;-9.17122;0.21036;-1.10410
1998-02-01;0.16539;6.19839;-0.68807;-7.35623;0.68737;2.99547;-0.06270;-2.85295;4.34783;-16.20494;0.16425;-0.31898
1998-03-01;0.04365;5.10861;-3.46420;-6.86818;-0.71514;1.13577;0.18821;2.56707;4.16667;0.79849;0.11678;-0.24000
1998-04-01;0.33756;3.30839;3.58852;3.23065;-1.19022;3.36254;0.00000;2.06950;-4.00000;9.27610;0.22451;0.16038
1998-05-01;0.65890;-0.71581;2.42494;6.18532;-1.10456;7.12177;0.37570;2.38503;8.33333;-5.24125;0.31966;0.16013
1998-06-01;-0.59049;-1.03429;4.05862;-15.01616;-0.42613;-1.67673;-0.06238;4.02863;3.84615;3.77852;0.18356;-0.23981
1998-07-01;-0.39690;3.89705;-5.09209;-1.03879;0.12043;-12.53950;0.24969;0.32561;-3.70370;-7.99866;0.10470;0.08013
1998-08-01;2.06272;-8.01866;-3.42466;-1.37062;1.17719;0.87265;0.24907;2.76488;-7.69231;58.49521;0.26781;-0.56045
1998-09-01;-0.10466;-6.15252;2.12766;11.99963;-1.50966;10.25277;0.06211;-7.04971;-4.16667;20.94671;0.15646;-0.32206
1998-10-01;0.70028;0.34731;3.35648;-4.80651;-2.28052;5.01441;0.55866;-9.98800;8.69565;-4.17901;0.16174;0.16155
1998-11-01;-0.09850;11.74520;11.42217;-13.09392;-0.45264;-5.91326;0.12346;-0.62710;-8.00000;-28.36847;0.21662;-0.32258
1998-12-01;0.40388;3.70809;-4.62312;-11.00423;-3.39829;8.00968;0.12330;-2.67568;8.69565;-2.83686;0.29318;-0.64725
1999-01-01;0.42240;5.74066;-7.79768;13.13291;-2.24409;-4.68723;0.36946;-3.22959;8.00000;10.03243;0.08307;0.08143
1999-02-01;0.57195;-0.83620;-3.08571;-7.58398;-2.80649;3.03743;0.18405;2.98210;-7.40741;2.80849;0.32419;-0.48820
1999-03-01;0.22080;2.29879;1.76887;21.80507;-3.39892;-1.54998;0.00000;2.40393;8.00000;-12.18857;0.08976;0.24530
1999-04-01;0.22179;4.41763;6.37312;22.24545;-0.48782;0.57628;0.12247;0.25046;0.00000;-7.23439;0.28230;0.81566
1999-05-01;0.61295;0.48958;-3.26797;-0.45269;-3.29086;3.75096;0.18349;1.85955;3.70370;11.61028;0.16719;0.88997
1999-06-01;-0.06723;-0.86754;3.94144;4.18987;-3.85702;-1.24118;-0.06105;-1.04505;-10.71429;-9.83853;0.21582;0.40096
1999-07-01;0.59563;4.28341;-2.49187;20.27852;1.97463;1.97164;0.12217;-1.15475;8.00000;-10.90864;0.25951;0.39936
1999-08-01;0.43546;-4.38384;-0.77778;5.96985;-0.77233;-0.26572;0.18304;-5.11492;3.70370;15.55694;0.11281;0.95465
1999-09-01;-0.41950;-0.42254;-7.50280;11.49478;-1.15011;0.11904;0.24361;-5.60961;-3.57143;0.89539;0.16362;0.86682
1999-10-01;1.28803;-1.32478;5.56901;-2.39896;-1.02021;0.12456;0.24301;-0.85168;7.40741;-2.11887;0.30667;-0.23438
1999-11-01;0.53044;7.93925;-1.03211;11.73378;4.79118;-0.36191;0.18182;-1.24239;0.00000;-9.17237;0.22123;0.46985
1999-12-01;0.80374;4.09505;1.15875;3.61643;0.93243;3.98411;0.12099;-1.97246;3.44828;1.56290;0.24067;-0.38971
2000-01-01;-0.07378;1.15585;0.00000;0.14856;7.73444;1.70833;0.06042;2.64334;0.00000;4.70646;0.17434;0.39124
2000-02-01;0.33973;-0.48491;-1.94731;8.87740;1.87119;4.11054;0.36232;3.88666;-3.33333;1.69597;0.08473;1.16913
2000-03-01;0.38982;4.94552;5.14019;-1.04274;4.37391;-5.45333;0.18051;-2.81667;10.34483;-3.71782;0.36913;0.77042
2000-04-01;0.64120;-3.71261;-6.55556;-17.17830;-2.98182;-2.20248;0.12012;-0.64002;0.00000;19.56994;0.21200;-0.07645
2000-05-01;0.27383;-3.31032;1.90250;21.84624;6.20146;0.02230;0.35993;2.54997;-6.25000;-2.91203;0.16909;0.68860
2000-06-01;0.07532;3.97878;-7.46791;7.41893;5.58283;-1.93390;0.05977;-2.02639;-3.33333;-18.32612;-0.03482;1.67173
2000-07-01;-0.17396;1.13943;11.85372;-3.73572;0.42488;-1.59127;0.53763;1.96564;3.44828;-7.64624;0.12721;-0.07474
2000-08-01;-0.26776;0.37680;-4.39684;5.27748;5.96571;1.24163;0.23767;-0.12112;-10.00000;-9.07005;0.00227;-0.59835
2000-09-01;0.39753;-0.11012;7.54717;9.76509;0.77445;6.40580;0.11855;-1.15001;7.40741;8.83869;0.09529;1.35440
2000-10-01;-0.34798;-6.25054;2.30263;-6.58883;0.78904;-6.11129;0.05921;1.50262;10.34483;28.00000;-0.00378;0.51967
2000-11-01;0.02159;-1.86572;-5.68060;5.13991;-1.70538;-5.02455;0.11834;0.52255;-9.37500;4.69388;0.15187;-0.29542
2000-12-01;-0.34092;-3.88737;11.70455;-21.17294;3.55188;-2.47685;0.47281;2.93504;-3.44828;0.55962;0.12448;0.88889
2001-01-01;-0.49336;0.60777;-4.78128;-0.13817;-3.15001;8.81519;0.17647;3.97731;7.14286;-6.07576;-0.01432;2.79001
2001-02-01;-0.65165;-2.14051;2.88462;7.33264;3.51833;0.98572;0.52848;-0.37560;-6.66667;-6.04767;0.06556;-1.85714
2001-03-01;-0.26169;-9.52619;-2.49221;-10.93034;-0.59925;-3.24245;0.29206;4.53510;0.00000;21.72104;-0.02636;-1.09170
2001-04-01;-0.35507;0.05909;-3.19489;4.73469;4.36296;-2.17996;0.23296;1.86490;10.71429;-1.27319;-0.22297;0.36792
2001-05-01;-0.51979;7.55979;-2.64026;10.35382;-0.55326;0.02371;0.17432;-1.61813;3.22581;-18.44711;-0.03322;0.29326
2001-06-01;-0.54289;-2.20346;-0.33898;-1.64087;4.11869;3.48424;0.40603;0.47859;-6.25000;-8.73260;-0.08685;-0.95029
2001-07-01;-0.60345;-2.68364;-0.22676;-11.61767;0.22471;-5.73179;0.28885;1.75490;-13.33333;6.56964;-0.09297;-1.54982
2001-08-01;-0.10468;-2.29825;-1.59091;4.33241;1.36860;-0.69854;0.23041;-2.51501;3.84615;-2.03642;-0.11273;0.00000
2001-09-01;-0.52136;-11.65238;-1.50115;-0.23559;4.21418;0.10399;0.11494;-2.27021;3.70370;60.39590;-0.19618;-0.07496
2001-10-01;-0.31048;2.78966;2.11020;-19.83518;2.81284;34.76932;0.34443;2.39603;-64.28571;-6.68475;-0.23754;-2.25056
2001-11-01;-0.58285;5.09718;6.08496;-8.47487;3.38492;-18.24530;0.05721;0.78373;-60.00000;-18.61280;-0.23659;-0.38373
2001-12-01;-0.04893;2.18755;5.95238;-0.48948;-1.02937;-8.68504;-0.11435;4.23919;350.00000;-10.93071;-0.11972;-1.30971
2002-01-01;0.71965;0.01164;-10.11236;3.80404;-0.20921;0.35226;0.34345;3.98829;5.55556;-6.18526;-0.10001;0.31226
2002-02-01;-0.00045;-3.33106;7.72727;4.42236;-0.84406;4.72674;0.22818;0.72300;10.52632;2.79934;-0.09247;-0.07782
2002-03-01;0.74232;5.01060;-2.63713;16.87340;-1.67136;-1.13847;0.22766;-1.93178;28.57143;-17.00833;-0.00918;1.09034
2002-04-01;0.48293;-2.76976;1.40845;8.57492;-0.07663;3.27936;0.17036;-0.22061;3.70370;4.82199;-0.07956;0.77042
2002-05-01;0.42522;-2.55543;4.48718;-1.48932;-0.39500;-8.32579;-0.34014;-3.36221;-3.57143;0.94105;0.01225;0.00000
2002-06-01;0.82605;-6.11344;-2.14724;-4.98625;-6.09594;4.66753;0.05688;-2.44075;0.00000;25.80318;0.03828;0.07645
2002-07-01;-0.03463;-10.91656;-0.10449;6.87004;0.67909;7.04300;0.11370;-4.37293;-3.70370;34.73763;-0.07423;0.22918
2002-08-01;-0.10811;0.70953;6.06695;3.55639;-3.58828;1.66419;0.00000;0.92760;0.00000;-0.90109;0.00153;0.22866
2002-09-01;0.10006;-4.48582;2.95858;6.55936;-3.81330;-9.66990;0.22714;1.75244;-3.84615;11.57219;-0.06815;0.60837
2002-10-01;-0.25817;-2.05385;-3.63985;-3.01583;-2.95420;-2.43624;-0.05666;2.33711;0.00000;-6.38676;0.09425;0.68027
2002-11-01;0.54688;6.49331;1.78926;-11.64652;-3.84285;1.60526;0.28345;-1.85608;-4.00000;-20.05515;-0.00306;-0.07508
2002-12-01;-0.56052;-0.87154;2.34375;16.43404;-1.13861;8.14770;0.11306;0.23433;4.16667;0.12591;-0.11331;-0.15026
2003-01-01;0.82587;-0.40922;-4.67557;10.05536;-0.50158;-6.48159;0.00000;-2.52642;0.00000;-2.78687;0.08508;1.80587
2003-02-01;0.12586;-6.31510;-6.30631;5.09037;-2.97100;-3.55518;0.56465;0.44150;8.00000;17.48135;-0.10492;1.69993
2003-03-01;-0.26773;1.01478;6.73077;-6.58698;-2.83738;2.19064;0.16844;-0.54530;14.81481;-4.91686;-0.16176;2.61628
2003-04-01;-0.63490;5.13352;1.30130;-18.11245;-6.43579;1.72466;0.05605;1.01768;-22.58065;-21.68283;-0.04300;-3.11615
2003-05-01;-0.02300;5.76093;6.52174;3.15146;-4.56975;-1.67751;0.16807;-2.10760;-16.66667;-15.64020;0.01536;-0.07310
2003-06-01;0.12665;5.91938;10.66790;6.94233;-3.28792;3.29690;0.50336;0.81875;5.00000;0.60702;-0.00307;0.95099
2003-07-01;0.51678;1.08537;-2.09556;2.51633;-1.48030;0.61130;0.05565;0.31004;-19.04762;-5.89822;-0.00614;-0.21739
2003-08-01;-0.22398;-0.02587;3.25342;5.43023;-3.27302;6.68926;0.38932;-0.02825;47.05882;0.58932;-0.02381;0.21786
2003-09-01;0.65770;3.53151;-6.21891;-9.28739;0.88267;-5.34443;0.22161;-3.25493;12.00000;1.33907;0.07606;0.36232
2003-10-01;0.12869;2.08690;1.14943;9.20452;-1.08678;-4.61067;0.38695;-4.62068;-7.14286;-7.72513;0.14357;0.57762
2003-11-01;0.68415;1.50841;-4.45804;-2.88885;-5.79933;6.51343;0.55066;-0.29013;3.84615;-3.45342;0.03297;-0.28715
2003-12-01;0.04961;2.70094;3.29369;3.66800;-2.87217;-1.17292;0.49288;-1.31900;-3.70370;-3.30261;0.08584;0.43197
2004-01-01;0.16795;4.94302;3.18866;4.94448;-0.91240;-3.81402;-0.05450;-1.36371;3.84615;-4.31088;0.13171;1.36201
2004-02-01;0.60686;0.89764;-0.51502;-1.35051;4.47961;2.01857;0.27263;0.41348;-3.70370;-0.63710;0.04282;0.49505
2004-03-01;-0.38197;-1.35896;10.09491;8.99541;4.38896;1.26233;0.16313;1.69412;11.53846;10.55711;0.24231;0.70373
2004-04-01;0.40753;0.87058;-7.05329;-0.12915;5.70478;-2.02354;0.21716;-0.79186;10.34483;-11.24428;0.20589;1.18798
2004-05-01;0.72565;-3.18521;4.63744;11.83865;-0.85730;7.62220;0.81257;4.21678;3.12500;12.78096;0.21612;1.38122
2004-06-01;-0.77118;2.81077;-4.91539;-6.34584;6.37980;-11.06895;0.16120;-2.46209;0.00000;-13.34240;0.07290;0.27248
2004-07-01;0.74196;-2.33875;-7.79661;8.63392;-4.88427;7.02405;0.21459;0.04889;-9.09091;1.04058;0.04629;0.13587
2004-08-01;0.08733;-1.87890;7.99632;11.83298;-0.23619;-0.87816;0.10707;0.68181;-6.66667;7.62276;0.06523;0.40706
2004-09-01;0.11641;3.06935;3.31915;1.05916;-0.78905;4.18488;-0.05348;-0.12901;0.00000;-15.53117;0.11142;-0.20270
2004-10-01;0.88040;0.37210;7.49588;15.23225;-0.11591;-2.01958;0.48154;-1.18804;10.71429;6.25106;0.26650;1.55721
2004-11-01;0.24628;4.72248;-9.65517;-13.39224;2.89163;-0.86788;0.31949;-3.75471;-9.67742;-9.32422;0.05588;0.93333
2004-12-01;0.78333;3.03411;5.34351;-8.13789;0.45300;4.26218;0.00000;-0.84869;7.14286;-8.23468;0.09358;-0.79260
2005-01-01;0.35639;-1.66165;-3.14010;12.39029;0.20172;-6.70092;0.15924;-0.45220;-3.33333;7.85305;0.11008;0.46605
2005-02-01;0.70763;1.79671;9.64256;2.17035;-1.28593;-0.01776;-0.05299;1.55138;0.00000;-12.86689;0.19130;0.46388
2005-03-01;-0.12893;-0.31860;0.68234;16.77745;-1.77663;3.12093;0.26511;0.29553;10.34483;12.10541;0.09095;1.38522
2005-04-01;0.19795;-2.60452;-5.12048;-2.29874;-0.30451;1.96979;0.68747;1.84264;3.12500;10.15273;0.27111;0.84580
2005-05-01;0.10618;1.22098;2.06349;-6.24155;5.30836;-1.92611;0.10504;-0.55840;-3.03030;-3.39876;0.12882;-0.45161
2005-06-01;0.43233;2.66968;-0.93313;11.73612;-6.77795;6.13300;-0.05247;2.01888;0.00000;-15.02749;0.18850;0.00000
2005-07-01;-0.31961;2.27874;9.02669;5.82372;4.63545;14.35451;0.20997;2.94833;-6.25000;-6.90590;0.26729;1.29618
2005-08-01;0.33251;0.15896;-9.64723;11.23692;-1.56013;-17.58694;0.10477;-1.20316;3.33333;17.21698;0.14743;0.83173
2005-09-01;-1.94256;0.28061;-0.87649;-1.68058;3.08888;-2.81892;0.20931;0.57187;38.70968;-2.49557;0.04238;2.91878
2005-10-01;1.22322;-2.89316;7.39550;-6.94601;-0.35659;-9.39918;0.26110;3.26365;6.97674;18.28877;0.06986;2.46609
2005-11-01;1.09583;3.96982;-9.13174;-5.63176;4.60237;7.74648;0.31250;3.12050;-28.26087;-18.67768;0.26365;-1.50421
2005-12-01;0.49613;2.13870;2.05931;2.92151;1.57247;3.93367;0.15576;0.00708;-6.06061;-7.30694;0.11778;-0.42761
2006-01-01;0.15483;1.81886;-5.24617;10.78084;-0.73998;5.28124;0.36288;-2.52053;-3.22581;6.89165;0.19606;0.79755
2006-02-01;0.04830;0.02834;-9.62521;-4.40617;1.96833;-5.58597;0.05165;2.06451;0.00000;3.61459;0.22669;-1.52161
2006-03-01;0.21583;1.37321;5.18379;3.08052;3.30578;-0.65023;0.15488;-0.49440;0.00000;-6.23155;0.22765;0.24722
2006-04-01;0.29180;1.04122;0.62724;13.20430;3.88068;0.98467;-0.10309;-0.17763;10.00000;1.31227;0.12423;1.29470
2006-05-01;0.02868;-1.11374;-3.29475;-0.68751;3.85439;-2.32382;0.15480;-4.56058;21.21212;22.00638;0.02716;0.91296
2006-06-01;0.34193;-3.28369;-1.10497;-1.74993;9.02957;1.02218;0.30912;2.59065;-17.50000;17.04717;0.05945;0.18094
2006-07-01;-0.06290;0.34805;-10.14898;7.46599;1.97746;4.50888;0.25681;0.99629;-3.03030;-9.41350;0.14230;0.42143
2006-08-01;0.43463;1.72766;7.25389;-0.60245;4.23134;-6.81690;0.25615;0.13592;18.75000;-12.88178;0.12159;0.65947
2006-09-01;-0.19103;2.37141;-1.83575;-15.39232;-0.39899;3.13525;0.30659;1.11293;-18.42105;-8.74223;0.10023;-1.48898
2006-10-01;-0.09615;3.52041;-7.38189;-6.69865;2.46064;-0.64216;0.30565;1.18974;0.00000;-7.20700;0.01754;-1.93470
2006-11-01;-0.02865;2.14601;6.58874;1.64887;-4.40406;-1.23332;0.05079;-1.08640;-3.22581;-4.32274;0.16003;1.47965
2006-12-01;1.02455;2.10286;-0.49850;6.31493;-0.80707;2.70157;0.05076;0.00130;-3.33333;1.35779;0.13351;0.60753
2007-01-01;-0.35470;0.55834;-10.72144;-14.07136;0.66864;-1.23341;0.64840;2.66373;3.44828;0.71139;0.16320;-0.96618
2007-02-01;0.97276;1.96075;-7.07071;7.21732;0.50033;1.61577;0.68455;0.04782;0.00000;1.02117;0.05892;1.70732
2007-03-01;0.17354;-2.56523;0.60386;7.80923;-1.66665;-4.25767;0.34846;-2.69262;0.00000;35.92442;0.16430;1.49880
2007-04-01;0.67897;4.02711;6.48259;8.75954;-4.59446;1.07677;0.25944;1.42622;10.00000;-14.70532;0.04355;1.24040
2007-05-01;0.04184;2.93120;-5.07328;-0.40530;-6.19673;0.27686;0.38965;1.54777;0.00000;2.82013;0.10955;1.10852
2007-06-01;0.01801;0.40068;-5.81948;5.70348;-5.49654;-2.89298;0.40747;1.58594;3.03030;12.40732;0.05725;0.28852
2007-07-01;-0.15318;0.36749;-1.89155;8.28239;-3.67668;-2.11385;0.33324;-1.03825;0.00000;15.55910;-0.02173;0.74799
2007-08-01;0.19203;-4.71247;-10.15424;-8.01915;-2.61978;3.42237;0.38183;-3.85561;-5.88235;44.88279;-0.01811;-1.54198
2007-09-01;0.24821;2.90707;-1.85980;9.06191;0.64408;0.93412;0.48773;-1.44772;-3.12500;-11.29677;0.06231;0.63805
2007-10-01;-0.29949;3.10961;5.97668;6.69513;0.79309;-0.46576;0.31609;0.71502;0.00000;-13.88938;0.05214;0.69164
2007-11-01;0.56310;-5.01513;-11.82944;12.23498;6.20685;-0.61380;0.40943;-4.13687;9.67742;33.82950;0.08395;2.46136
2007-12-01;0.05244;0.97439;-3.43214;-1.60954;2.37504;-1.98117;0.18451;1.23896;0.00000;-15.36753;0.07593;-0.22346
2008-01-01;-0.11774;-7.03652;1.29241;1.37611;1.30140;-2.02745;0.60520;-4.11823;0.00000;19.23787;0.00072;1.34378
2008-02-01;-0.36509;-1.20301;-5.42265;3.04672;-4.72967;-1.36262;0.37237;-0.73095;5.88235;-1.39521;-0.05130;0.93923
2008-03-01;-0.32584;-3.14225;-9.78078;9.10550;2.72033;-2.43367;0.20249;-5.86173;19.44444;6.47195;-0.05061;2.84620
2008-04-01;-0.68329;4.17981;0.18692;5.24518;1.35949;-3.36774;0.86134;1.90712;11.62791;-20.44302;-0.15840;1.59659
2008-05-01;-0.60590;2.74116;-5.97015;12.58422;2.47800;0.62992;0.42249;1.63794;8.33333;-15.11587;-0.13764;2.98586
2008-06-01;-0.26655;-3.57348;-3.37302;7.75689;5.04425;-2.17732;0.61976;2.44895;-1.92308;20.80027;-0.11462;1.98372
2008-07-01;-0.44430;-6.45247;-2.05339;0.29912;2.60991;-9.53606;0.98485;-0.05932;0.00000;10.00339;-0.14308;2.49377
2008-08-01;-1.58578;2.06675;-8.80503;-14.67384;2.33386;8.55759;0.50781;2.34957;-5.88235;-14.91044;-0.20583;-3.16302
2008-09-01;-4.38020;-4.99902;-0.45977;-14.13644;-0.29655;-8.20171;0.57267;-2.54897;-10.41667;46.39562;-0.32797;-1.05528
2008-10-01;1.00108;-21.28827;-9.23788;-26.38212;-4.86439;-15.64694;0.41282;-6.20114;-9.30233;101.92145;-0.34001;-5.33266
2008-11-01;-1.29816;-9.58677;-1.01781;-26.72389;-4.96583;-3.72267;0.18430;-3.00138;-25.64103;2.43808;-0.54881;-5.15021
2008-12-01;-2.83149;-0.60604;-3.08483;-23.84211;-5.85481;-1.35854;0.00137;-5.86864;-41.37931;-16.45638;-0.51495;-3.33710
2009-01-01;-2.47926;-0.60234;-10.87533;8.74333;-3.00370;-5.74978;0.07349;-1.26486;29.41176;-14.65529;-0.57991;0.17554
2009-02-01;-0.61088;-6.80822;10.71429;-0.26419;0.26006;-5.75312;-0.13000;3.10172;-13.63636;1.98627;-0.56092;-1.10981
2009-03-01;-1.55030;-5.98863;-8.87097;7.42236;-4.12453;5.69229;-0.20050;5.31579;5.26316;-1.70082;-0.61509;-0.70880
2009-04-01;-0.79915;12.65465;-0.58997;7.82427;-3.19100;-3.78539;-0.15331;1.08835;40.00000;-15.02752;-0.50493;0.59488
2009-05-01;-0.97531;6.54884;11.57270;14.18957;-3.64840;8.49771;-0.16592;-2.30034;0.00000;-15.98844;-0.26930;1.00532
2009-06-01;-0.30464;2.81002;4.52128;19.73220;-8.60897;-0.26533;0.00000;-0.03099;10.71429;-8.87343;-0.35521;1.93208
2009-07-01;1.19443;1.19740;4.58015;-6.08383;-8.07728;13.96197;-0.19558;-2.32635;-6.45161;-10.21853;-0.26106;-0.91901
2009-08-01;1.11698;8.27132;1.70316;12.52900;-8.01822;27.56355;-0.00506;0.56183;-3.44828;-3.15557;-0.13853;1.44928
2009-09-01;0.85574;3.71805;-7.65550;-6.70594;-8.77615;-35.37346;-0.05428;-3.81717;-21.42857;-1.62006;-0.18317;-0.51429
2009-10-01;0.22905;2.16622;2.59067;7.57375;-5.84236;10.91767;0.08929;-0.99438;31.81818;-2.70551;-0.13821;0.63182
2009-11-01;0.40227;1.47102;-5.30303;5.34902;-9.78219;4.39675;0.05932;-1.21701;-6.89655;-1.91022;-0.00154;1.25571
2009-12-01;0.33073;2.36811;-6.13333;-2.87709;-3.14299;2.20089;0.14845;0.76572;-7.40741;-10.71695;-0.19376;0.39459
2010-01-01;1.07007;1.52163;-1.98864;2.29800;-11.22337;-3.46508;0.26847;1.27863;12.00000;-2.80791;-0.00924;2.13363
2010-02-01;0.34320;-2.89455;-2.60870;-3.17099;-10.42738;-5.30616;0.02883;-1.05551;-3.57143;9.18872;-0.07165;-0.49478
2010-03-01;0.72036;6.23088;13.39286;6.88155;-11.74630;14.12506;0.20041;0.63969;0.00000;-21.17395;0.12567;1.27072
2010-04-01;0.35189;4.22997;10.76115;7.59917;-6.06043;-2.70133;0.10000;3.01671;7.40741;-1.93110;0.19251;0.60011
2010-05-01;1.37399;-5.96636;-33.64929;-10.46023;-8.75430;5.02881;0.05565;-1.58340;10.34483;83.24711;0.40733;0.21692
2010-06-01;0.21559;-3.76753;8.92857;-1.55979;-1.92730;-3.59102;-0.02097;-1.26895;-12.50000;-6.30494;-0.11022;-0.70346
2010-07-01;0.38357;-0.60312;-7.21311;1.09561;-4.36267;3.01776;-0.02326;-3.64011;-3.57143;-14.54430;-0.06207;0.32698
2010-08-01;0.36606;0.62311;-0.35336;1.93113;-7.11691;0.55239;0.11221;-2.43170;0.00000;-3.20486;0.00230;0.43455
2010-09-01;0.28783;3.39534;12.41135;1.03964;-3.94251;-0.76577;0.33670;-1.18959;-18.51852;-9.00468;-0.06364;0.00000
2010-10-01;-0.27214;4.67345;-8.20189;6.19766;1.27524;4.12682;0.13714;-3.11609;22.72727;-9.52270;0.21482;0.91942
2010-11-01;0.07948;2.65207;-1.37457;3.15733;22.45497;-0.91832;0.19273;0.96600;11.11111;-1.36266;0.10259;0.58950
2010-12-01;0.97953;3.97169;13.58885;7.23785;0.90795;2.47967;0.12175;0.99326;0.00000;-12.57068;0.06271;1.06553
2011-01-01;-0.20377;3.27078;-5.82822;5.55151;14.83098;1.59461;0.56687;-0.85510;13.33333;-1.44594;0.00229;1.58144
2011-02-01;-0.42979;3.02302;-12.05212;7.45188;17.17344;2.14743;0.46523;-0.10670;0.00000;0.66126;0.16432;1.60872
2011-03-01;1.06352;-1.17207;11.11111;10.53563;5.55926;1.36075;0.76464;-1.07817;35.29412;18.89546;0.17092;1.73647
2011-04-01;-0.35060;2.27506;3.33333;7.51496;2.56981;0.50532;0.38142;1.87415;0.00000;-21.61547;0.24833;1.95783
2011-05-01;0.13347;0.33997;-1.61290;-6.70933;3.78288;-7.84932;0.38395;-2.46634;-10.86957;4.10877;0.07599;0.49237
2011-06-01;0.28706;-3.81826;-1.31148;-1.00520;3.01502;-3.20847;0.25337;-0.86262;-7.31707;13.25585;0.17615;-0.09799
2011-07-01;0.47466;3.07904;-1.66113;2.75870;9.62093;7.01666;0.42503;-1.47143;-10.52632;0.38802;0.04244;0.34331
2011-08-01;0.63899;-11.20810;1.01351;-5.77392;16.42664;-0.91195;0.50420;-2.87327;2.94118;82.18245;0.09925;-0.68426
2011-09-01;-0.07235;-1.23543;1.67224;2.37187;4.24314;5.96636;0.45638;-0.22080;-5.71429;4.28463;0.16878;0.24606
2011-10-01;0.69906;2.59672;3.94737;-2.91031;6.64119;2.80024;0.09407;-0.19886;-3.03030;-10.13127;0.15943;-1.27639
2011-11-01;-0.00115;1.80804;3.79747;1.11191;-0.02233;0.09468;0.09485;1.19580;0.00000;-2.70231;0.10863;0.14918
2011-12-01;0.52513;1.30517;3.96341;-2.61591;11.42204;0.40020;0.18995;0.30579;-3.12500;-21.58383;0.15147;-0.79444
2012-01-01;0.60836;4.78527;-1.75953;2.61007;3.33841;4.32671;0.28330;-1.07031;6.45161;-19.24183;0.25658;0.45045
2012-02-01;0.32745;4.40479;9.25373;7.80677;-4.60269;4.02918;-0.03144;1.95676;0.00000;-8.93563;0.20864;0.44843
2012-03-01;-0.51907;2.40555;-3.27869;5.12747;5.29339;-2.54424;0.19428;5.09228;18.18182;-12.23217;0.16776;1.28968
2012-04-01;0.72708;-0.39542;0.00000;-4.80192;3.25028;1.19912;0.19476;-1.47155;-17.94872;10.24123;0.06206;-0.24486
2012-05-01;0.19641;-3.32390;4.51977;-7.60510;-0.16393;-1.84847;0.07509;-1.95140;-6.25000;17.83548;0.07995;-0.88365
2012-06-01;0.01087;-1.59145;-2.70270;-13.76099;2.31807;-0.20006;0.19895;-0.44131;3.33333;0.61487;0.05450;-1.04012
2012-07-01;0.20134;2.79237;2.50000;7.84278;0.96260;-0.60137;0.06932;-0.47970;-3.22581;-16.88789;0.10820;0.15015
2012-08-01;-0.39522;2.92951;1.62602;10.46352;-3.95531;0.44506;0.17063;-0.30898;20.00000;-10.66379;0.13119;1.29935
2012-09-01;-0.06968;3.11932;2.66667;-0.43439;2.21932;4.53475;0.06830;-0.70606;-8.33333;-2.58024;0.13623;0.83868
2012-10-01;0.31284;-0.56513;-7.01299;-1.02142;-0.57353;-1.78157;0.18728;1.12359;-6.06061;6.48656;0.11895;-0.44031
2012-11-01;0.40136;-2.87778;9.49721;-2.37425;-0.49236;4.22117;0.17458;2.55314;0.00000;2.61556;0.11806;-0.83538
2012-12-01;0.26998;2.21611;1.78571;0.39926;-4.03223;0.03882;0.18023;3.40612;3.22581;3.84744;0.18023;-0.14866
2013-01-01;0.00458;4.45030;11.77945;3.16547;-1.95489;2.27008;0.14172;6.28663;3.12500;-22.13533;0.13992;0.49628
2013-02-01;0.47901;2.23917;0.22422;2.73595;3.76333;0.30355;-0.00805;4.42799;0.00000;4.20128;0.21070;0.88889
2013-03-01;0.41095;2.58200;-0.67114;-6.52864;-2.18129;-0.88267;0.09365;1.90150;-3.03030;-7.39827;0.10476;-0.14684
2013-04-01;-0.11405;1.01315;-0.67568;-5.73946;-7.85284;0.57248;0.18712;3.15309;-3.12500;7.18085;0.13708;-0.24510
2013-05-01;0.09185;4.43339;-2.94785;0.30363;-1.40804;0.46170;-0.08493;3.23293;0.00000;-3.39104;0.15750;0.29484
2013-06-01;0.18747;-1.28861;9.81308;0.35186;-1.62736;1.66835;0.22245;-3.65011;-3.22581;27.99737;0.13153;0.09799
2013-07-01;-0.31902;3.43500;-20.21277;4.87146;-0.46701;-0.79262;0.08608;2.50705;3.33333;-19.08899;0.08953;0.04895
2013-08-01;0.58640;0.27657;1.60000;3.10125;2.49028;-1.21091;0.11257;-1.86656;-3.22581;1.68488;0.17816;-0.09785
2013-09-01;0.53585;1.14831;5.77428;0.28401;-1.23134;0.18955;0.02864;1.42899;10.00000;3.39198;0.13540;-0.14691
2013-10-01;-0.11875;2.16434;10.17370;-2.25812;-1.13902;-0.81983;0.09726;-1.45147;-9.09091;4.87222;0.16080;-0.68661
2013-11-01;0.24600;3.32209;0.45045;-1.17763;1.29989;2.23819;0.08286;2.35623;-3.33333;-16.12055;0.19921;-0.64198
2013-12-01;0.21125;1.39909;-2.91480;2.75036;-0.98283;-1.51751;0.09876;3.38382;3.44828;9.81415;0.04005;0.39761
2014-01-01;-0.37728;1.05931;2.30947;-2.38265;-2.69358;-1.39564;0.13015;0.29135;3.33333;0.34224;0.13395;0.89109
2014-02-01;0.75931;-0.21928;-5.19187;0.72402;-1.79698;2.42731;0.38408;-1.57685;3.22581;8.63038;0.11559;0.93229
2014-03-01;1.01074;2.68318;-3.57143;-1.30355;1.80197;6.20271;0.43399;0.20980;0.00000;-4.09395;0.20115;0.63199
2014-04-01;0.06465;-0.36842;-0.49383;0.25519;11.21522;-1.70739;0.33022;0.11595;0.00000;-4.30401;0.22538;0.62802
2014-05-01;0.40936;1.02424;11.91067;1.65547;5.02507;2.64750;0.48375;-0.66795;3.12500;-12.13442;0.14606;-0.14402
2014-06-01;0.33171;3.15032;-7.31707;2.05967;0.71473;2.21159;0.09818;0.28401;-6.06061;-7.48530;0.24043;0.14423
2014-07-01;0.21219;1.13529;-3.82775;-4.49666;-2.07236;-1.36447;0.24274;-0.31633;6.45161;6.54109;0.17503;-0.14402
2014-08-01;-0.15571;-0.60546;13.43284;-4.83298;-6.63874;-0.21995;0.22900;1.18322;-3.03030;9.72272;0.13014;-0.48077
2014-09-01;0.31308;1.39007;3.07018;-4.44518;-0.45160;-1.62422;0.28221;4.35374;-6.25000;-0.18706;0.22046;-0.28986
2014-10-01;0.01126;-3.06010;1.27660;-9.95578;2.63018;-1.19700;0.15789;0.55913;-3.33333;34.09923;0.17196;-1.45349
2014-11-01;0.63211;5.63292;-7.14286;-9.13618;-0.11572;1.15183;0.21563;7.65839;-3.44828;-25.72466;0.20314;-1.22911
2014-12-01;-0.00550;0.39594;12.44344;-21.52989;-1.89686;1.35111;0.34353;2.60009;0.00000;21.46485;0.19845;-1.94126
2015-01-01;-0.78217;-0.99940;3.62173;-23.38253;0.77192;-1.56014;-0.01624;-0.89952;-10.71429;17.35318;0.13963;-2.53807
2015-02-01;-0.65413;2.80619;4.85437;21.64177;-0.19470;-0.11236;0.12104;0.43129;12.00000;-16.81681;0.19137;-0.46875
2015-03-01;-0.32041;0.11675;-11.11111;-3.80416;0.86636;5.94991;-0.17161;1.37634;7.14286;-6.86286;0.06675;0.20931
2015-04-01;-0.56961;0.79760;4.58333;6.51123;3.22194;-1.13433;-0.02845;-0.73508;-13.33333;-8.89752;0.19656;-0.31332
2015-05-01;-0.45534;0.52950;0.00000;7.64514;0.13882;1.33386;0.09634;1.07812;7.69231;-1.15794;0.23867;1.30959
2015-06-01;-0.30253;-0.39546;-4.38247;-4.05349;2.29368;-0.22310;0.28346;2.41779;-3.57143;7.50493;0.11022;0.72389
2015-07-01;0.62412;-0.46157;5.41667;-7.99708;1.27122;2.39812;0.08909;-0.32956;3.70370;0.08876;0.20749;-0.46201
2015-08-01;-0.15924;-2.66082;2.37154;-17.76180;1.81800;0.39852;0.23669;-0.24904;0.00000;35.36598;0.09930;-1.03146
2015-09-01;-0.29075;-4.53235;-11.96911;2.38242;4.57905;-0.59812;0.30273;-2.32203;0.00000;25.47366;0.09498;-1.45909
2015-10-01;-0.46060;3.67864;5.70175;1.69417;2.95151;-0.06017;0.10584;-0.08283;-3.57143;-31.12587;0.22423;-0.84611
2015-11-01;-0.74750;2.44159;4.56432;-8.59463;2.53193;0.24083;-0.09246;2.16169;0.00000;-3.45182;0.15850;-0.96000
2015-12-01;-0.50202;-1.52479;8.33333;-14.14615;1.79034;-4.42831;-0.12836;-0.82203;-3.70370;11.19960;0.19116;-1.18471
2016-01-01;0.52234;-6.97162;-7.50916;-19.22344;0.95926;3.14803;0.05922;-2.80282;-3.84615;31.58001;0.07898;-0.49046
2016-02-01;-0.54517;-1.04980;2.37624;4.82744;3.14416;0.23264;0.10187;-3.05372;0.00000;-5.06324;0.15014;-0.71194
2016-03-01;-0.73084;6.56757;2.90135;18.73422;-0.47430;-4.44850;-0.23209;-1.46905;8.00000;-29.61278;0.17781;0.44126
2016-04-01;0.28129;2.83786;8.27068;8.82711;0.20647;2.18611;0.08305;-2.99281;3.70370;-9.77100;0.13225;0.60406
2016-05-01;-0.21845;-0.34565;-0.86806;12.40653;1.35291;0.14715;-0.15268;-0.64244;-14.28571;3.86268;0.03128;1.14629
2016-06-01;0.48416;1.03799;-2.45184;3.21954;-0.07986;0.22605;-0.06980;-3.21291;8.33333;19.67088;0.17443;1.24123
2016-07-01;0.10990;3.20864;12.74686;-6.83016;0.23506;2.10882;-0.01009;-1.10100;3.84615;-25.96998;0.25182;0.05330
2016-08-01;-0.08155;1.48125;-8.43949;1.98243;5.70863;-1.00503;0.03553;-2.83397;-7.40741;-5.76764;0.10310;-0.58604
2016-09-01;-0.09701;-0.71700;-2.95652;1.58079;-3.37026;0.16177;0.01049;0.53935;-4.00000;14.67760;0.20530;0.16077
2016-10-01;0.07359;-0.80734;3.04659;6.34485;-4.66821;-0.01114;0.01614;2.08599;0.00000;2.57192;0.07450;-0.10701
2016-11-01;-0.39197;1.36948;-0.69565;-9.66894;0.65125;-0.90231;-0.02865;4.36494;0.00000;4.46309;0.08203;-0.21425
2016-12-01;0.69775;4.24325;-1.75131;19.16750;2.64921;2.72594;-0.00646;6.96688;-8.33333;-18.13977;0.15291;1.01986
2017-01-01;-0.23498;1.20479;2.13904;2.37892;2.57043;-3.41960;0.13725;-0.97070;18.18182;-6.92635;0.15542;1.32837
2017-02-01;-0.37096;2.30276;2.44328;0.53655;0.48372;0.26626;0.27009;-1.70670;3.84615;-0.67169;0.14557;0.47195
2017-03-01;0.64420;1.20081;7.66610;-5.97849;-8.55599;-3.60472;0.20464;0.00438;-7.40741;3.18546;0.08776;-0.05219
2017-04-01;0.95078;-0.18758;-5.37975;1.39325;-8.24572;0.61544;0.13842;-2.50231;0.00000;10.40938;0.13495;0.78329
2017-05-01;0.12039;1.33819;6.18729;-3.78790;-4.29571;-0.49516;0.15345;1.95532;4.00000;-17.31112;0.14777;-0.10363
2017-06-01;0.19445;1.60492;-2.51969;-7.86532;-0.81907;0.28687;-0.08081;-1.18452;0.00000;-3.20961;0.13594;0.41494
2017-07-01;-0.22786;0.80903;-7.59289;4.55137;0.45558;0.62464;0.16615;1.35502;0.00000;-2.36965;0.12552;-0.05165
2017-08-01;-0.43009;-0.14915;-2.79720;6.65403;-2.66116;-1.07907;0.11352;-2.30396;0.00000;16.67058;0.09198;0.15504
2017-09-01;0.10475;1.69447;14.56835;8.60374;0.78586;7.40133;0.14253;0.86413;3.84615;-12.83982;0.06262;0.51600
2017-10-01;1.23235;2.75822;-1.72684;2.41282;4.12302;0.92284;0.08851;1.93071;-11.11111;-2.99430;0.10000;0.05133
2017-11-01;0.25901;1.23740;13.57827;9.05333;-3.57176;-2.59171;0.05855;-0.08481;4.16667;4.09880;0.15563;0.51308
2017-12-01;0.19514;2.71859;-11.39241;2.64628;0.82784;-0.64434;0.20741;0.10769;8.00000;-2.61825;0.09907;0.20419
2018-01-01;-0.06249;4.47149;-6.34921;7.30669;1.91939;-3.97495;0.26260;-1.83242;0.00000;7.77321;0.09897;0.81508
2018-02-01;0.36659;-3.11857;4.74576;-5.44285;-1.60912;1.57778;-0.04477;-2.61651;0.00000;103.07325;0.26208;0.70743
2018-03-01;0.47020;0.19348;9.87055;1.07041;11.48433;1.23230;0.04004;-1.78122;3.70370;-15.31702;0.15265;0.00000
2018-04-01;1.07850;-1.70344;-5.44919;9.22393;5.26704;-0.44163;0.19892;1.51761;-3.57143;-3.97497;0.09846;0.50176
2018-05-01;-0.92475;1.96312;3.11526;6.75289;2.07177;1.39331;-0.00119;1.88748;3.70370;-22.67988;0.22166;1.44783
2018-06-01;0.78259;2.18706;-3.92749;-3.33935;0.34150;-0.48236;0.11983;0.34245;7.14286;-3.16081;0.14319;0.49213
2018-07-01;0.13664;1.31997;-1.25786;-0.20250;-1.29880;-0.64251;0.17024;1.32391;-3.33333;-3.87829;0.03692;0.04897
2018-08-01;0.72319;2.23821;-5.57325;-2.32422;-3.42670;-0.36871;0.13841;-0.47025;3.44828;-4.56860;0.16843;-0.44053
2018-09-01;0.03593;1.39351;0.33727;8.77277;1.25133;1.20701;0.13900;0.99178;-10.00000;2.89767;0.05828;0.09833
2018-10-01;-0.17134;-4.56931;-6.89076;2.71409;-1.93452;1.20950;-0.05191;0.55706;7.40741;49.89454;0.10980;0.49116
2018-11-01;0.05869;-2.32736;12.81588;-20.09571;2.53317;0.38908;0.28209;0.54664;-3.44828;0.19054;0.06487;-1.12414
2018-12-01;-0.00587;-6.01782;-12.64000;-11.40701;-0.81751;0.08859;0.38841;-1.00457;-3.57143;28.69718;0.12164;-0.64261
2019-01-01;-0.59772;1.93222;8.24176;3.56888;-3.30266;-6.45572;0.25637;-2.88677;0.00000;-21.56351;0.17223;-0.94527
2019-02-01;-0.52606;6.01461;7.95262;7.66031;0.03743;0.20698;0.28067;1.35783;-3.70370;-22.18358;0.00333;0.05023
2019-03-01;-0.00058;1.57010;10.50157;3.40534;-0.79956;4.64444;0.16637;0.63771;-3.84615;-4.89338;0.15127;0.80321
2019-04-01;-0.56453;3.42149;-1.41844;7.70316;1.52006;-4.87255;-0.13816;0.44724;0.00000;-10.60521;0.20493;0.64741
2019-05-01;0.16734;-1.73282;-13.38129;0.11848;-1.33193;6.87100;0.19159;-1.49586;16.00000;29.13551;0.02523;-0.19792
2019-06-01;0.06844;0.92249;26.74419;-9.95156;1.34245;-1.17601;0.05197;-1.73033;-6.89655;-5.29738;0.13542;-0.69410
2019-07-01;-0.45439;3.62786;-12.31979;-0.46927;3.48266;-0.47151;0.04148;0.20160;-3.70370;-15.97683;0.05966;0.19970
2019-08-01;0.73689;-3.44226;7.62332;-7.63044;6.23909;0.72190;0.08874;-1.93720;3.84615;42.63656;0.14642;-0.74738
2019-09-01;-0.23731;2.82301;-0.69444;6.41045;-0.28376;-0.63273;0.22339;1.27261;3.70370;-18.02031;0.13430;-0.40161
2019-10-01;-0.90636;-0.23841;0.83916;-4.95589;4.75277;-3.71351;0.21981;0.55497;-10.71429;-0.59437;0.06607;0.10081
2019-11-01;0.53719;4.29024;-1.52566;5.85946;0.88896;2.96717;0.23667;0.66682;0.00000;-19.02834;0.13733;0.20141
2019-12-01;-0.25845;2.31281;-2.39437;6.33621;-0.70028;-0.24440;0.16728;0.22328;-8.00000;9.84682;0.08308;0.00000
2020-01-01;-0.49782;3.18740;-1.15440;-5.31366;1.37597;-4.04535;0.29906;0.15189;8.69565;1.33961;0.16668;0.15075
2020-02-01;0.25272;0.02874;2.04380;-12.55149;0.34464;1.09851;0.27061;0.69812;-4.00000;40.80062;0.17363;-1.30457
2020-03-01;-3.90208;-19.94183;-12.87554;-42.48457;-6.91218;-31.07013;0.28591;-2.14688;-8.33333;194.14118;-0.92641;-1.83020
2020-04-01;-13.38146;3.61923;-6.56814;-42.58758;-16.39061;-24.72733;1.38019;0.06628;-4.54545;-28.20212;-13.57009;-3.93578
2020-05-01;1.62569;6.41873;22.31986;59.85498;-7.57956;42.05343;0.65855;-0.49995;52.38095;-25.46644;2.00811;1.67116
2020-06-01;6.50121;6.91512;34.48276;37.06011;-1.02257;7.93689;0.55465;0.35278;-6.25000;0.72028;3.46888;1.37858
2020-07-01;3.76999;3.37577;8.86752;7.38910;14.43354;12.80177;-0.38504;-0.83322;0.00000;-13.75049;1.15143;0.94142
2020-08-01;0.91954;5.93931;0.98135;3.45456;-2.98665;3.85496;0.13964;-0.62706;3.33333;-14.72006;1.10169;0.67358
2020-09-01;-0.04557;-0.85033;-3.98445;-8.55341;-10.52193;5.68440;0.04202;-0.39977;-16.12903;20.78722;0.74303;0.61760
2020-10-01;0.61016;2.18186;3.94737;-1.75998;-11.76499;-0.63804;0.20852;-0.35943;0.00000;6.47802;0.47455;0.51151
2020-11-01;0.44302;4.25157;-15.96884;6.22758;-2.84559;-1.54834;0.02967;-0.76363;7.69231;-15.09287;0.18808;0.91603
2020-12-01;1.15532;5.24387;1.15875;17.10201;-5.70877;3.94392;0.40085;-0.58509;-10.71429;-10.48752;-0.17021;1.10943
2021-01-01;0.82490;3.28851;3.20733;9.56194;-12.50113;-2.48065;0.17322;-0.00665;20.00000;11.33413;0.27926;2.14464
2021-02-01;-3.45118;2.90281;-15.09434;13.69719;0.32515;-3.32552;0.10102;1.53103;10.00000;-7.10347;0.36875;2.83203
2021-03-01;2.89459;0.24711;11.11111;5.03159;13.32574;13.75342;0.14254;3.15225;-6.06061;-5.60697;0.57932;2.08927
2021-04-01;0.15642;5.46662;-4.70588;-0.92264;38.74907;1.17570;0.30307;0.31777;9.67742;-20.26665;0.22111;1.34884
2021-05-01;0.87721;0.29719;-11.72840;5.75206;15.99679;-5.05351;0.42023;0.06186;35.29412;13.46052;0.31191;3.21248
2021-06-01;0.36187;2.05859;0.13986;6.75558;-0.18261;-8.94290;0.78508;0.91216;-8.69565;-14.18831;0.53639;1.77857
2021-07-01;0.61652;2.44258;6.14525;2.73607;-9.16867;-4.31358;0.62752;0.09719;11.90476;3.81272;0.64394;1.28877
2021-08-01;0.00240;1.78965;-9.21053;-5.87868;0.37967;-10.17248;0.42774;-0.32805;-2.12766;-0.74194;0.31684;0.67501
2021-09-01;-1.06277;-0.04823;7.53623;5.28854;11.92937;-7.28780;0.85363;0.28058;0.00000;13.46118;0.32603;0.96952
2021-10-01;1.25488;0.45333;-8.35580;12.14878;15.20465;3.94603;0.92745;2.68747;4.34783;-9.85300;0.58224;2.03116
2021-11-01;0.88989;4.43648;13.52941;-2.97840;5.87777;2.28679;0.76783;0.74566;2.08333;3.51985;0.42473;1.17356
2021-12-01;-0.30742;-0.82256;7.51295;-8.48800;8.54401;-2.27994;0.59945;-0.11595;-2.04082;15.42700;0.37936;-0.80111
2022-01-01;0.13550;-2.61176;-2.40964;16.63029;14.72721;11.73362;0.83561;0.87202;2.08333;8.55300;0.16760;2.11943
2022-02-01;0.64728;-2.96321;-4.56790;12.28106;7.93862;-4.65603;0.95274;0.39261;0.00000;11.07554;0.57461;2.51853
2022-03-01;0.78819;-0.97637;-8.53816;20.71083;5.93509;-0.42526;0.99324;2.86362;10.20408;4.73922;0.32742;2.91063
2022-04-01;0.30963;-0.27296;-13.57850;-10.80637;3.74014;3.11054;0.81009;6.57536;0.00000;-9.62299;0.17969;2.03681
2022-05-01;-0.01790;-8.43709;4.09165;8.37899;5.25175;-7.49689;1.11201;1.95790;-1.85185;20.26847;0.18860;2.99310
2022-06-01;-0.08815;-3.46734;-11.47799;8.27028;8.99532;2.59701;1.06397;3.96848;0.00000;-3.68584;0.27645;2.56175
2022-07-01;0.43482;0.42044;-3.55240;-8.78914;3.60245;1.57841;1.05146;2.05065;-1.88679;-11.46858;0.45291;-2.84638
2022-08-01;0.09851;6.64792;17.49540;-10.25622;6.44964;0.32223;0.83598;-1.04274;-7.69231;-11.30484;0.15878;-1.00193
2022-09-01;0.28469;-7.49208;-11.12853;-10.63413;6.66584;1.29193;0.72764;5.91411;-2.08333;23.33042;0.16636;-0.61140
2022-10-01;-0.11292;-3.19724;1.76367;3.97388;-0.55247;6.80713;0.67028;2.62919;6.38298;9.74294;0.23512;-1.05899
2022-11-01;-0.32946;4.93761;0.86655;-2.05337;1.73607;-2.45431;0.50770;-3.13258;0.00000;-22.35115;0.16764;-0.71833
2022-12-01;-1.53865;-0.44533;9.27835;-11.47667;1.80028;-4.98478;0.41541;-5.28642;-14.00000;-6.50156;0.08822;-1.99881
2023-01-01;1.04745;1.55687;2.04403;1.94927;-0.77412;11.09055;0.55275;-3.31117;-9.30233;-7.41469;0.31240;0.90346
2023-02-01;0.01882;3.35279;-3.69800;0.10130;0.57720;-1.44816;0.33602;1.99223;7.69231;-0.24070;0.18543;-0.59871
2023-03-01;0.08979;-3.27767;2.40000;-5.02592;-2.05447;0.38362;0.10321;0.46452;-14.28571;7.57361;0.09416;-0.62126
2023-04-01;0.47926;3.29273;6.09375;7.90978;-1.98284;4.98737;0.02741;-0.14203;30.55556;-17.67876;0.17912;-0.05991
2023-05-01;-0.22026;0.42071;4.56554;-10.83709;-4.61301;-0.77735;0.22048;2.68117;-10.63830;-1.02037;0.19488;-1.26037
2023-06-01;-0.60608;5.02257;-3.80282;-0.83072;-6.50300;3.25810;0.16251;3.14105;-21.42857;-20.59927;0.15406;0.07490
2023-07-01;0.86979;3.94190;6.58858;7.04044;-3.23865;-0.98754;0.19296;-0.29860;3.03030;-0.50561;0.11793;-0.00985
2023-08-01;-0.07355;-1.25556;-10.16484;7.53935;-4.31995;-3.66721;0.24306;2.72779;2.94118;13.79184;0.13443;1.51476
2023-09-01;0.17776;-1.23043;6.72783;8.79263;-4.10761;2.71465;0.18594;2.11670;-8.57143;-4.29282;0.15727;0.48665
2023-10-01;-0.70583;-3.47586;-4.01146;-3.33589;-1.54931;-2.15734;0.29474;1.18254;31.25000;24.47975;0.10532;-1.44516
2023-11-01;0.36064;4.32135;-9.10448;-8.45061;-3.98603;0.60933;0.17153;0.05727;7.14286;-25.77672;0.11605;-0.91539
2023-12-01;-0.31407;5.83147;7.38916;-6.40095;-2.85599;3.48402;0.20714;-3.80648;-31.11111;-9.27728;0.18470;-1.18249
2024-01-01;-0.78341;2.30555;2.59939;3.21139;1.08744;-7.10752;0.38831;1.60631;-6.45161;5.26899;0.16274;0.55190
2024-02-01;0.44092;4.09672;-5.06706;4.18601;-4.36193;5.27410;0.02044;2.26989;3.44828;4.42046;0.14978;1.43087
2024-03-01;0.38901;3.15732;8.79121;2.31247;2.40989;-1.20928;0.10126;0.13606;-3.33333;-1.38033;0.19962;0.06082