"","H","period","YEAR","QUARTER","ID","INDUSTRY","bin1","bin2","bin3","bin4","bin5","bin6","bin7","bin8","bin9","bin10","bin11","nbin_tot","openL","openR","n.b.mode","prob.mode","mode","mean","var","median"
"3852",1,0,1992,1,20,2,0,0,0,0,0,0.5,0.5,0,0,0,NA,0.2,0,0,2,0.5,1,1,0.333333333333333,1
"3858",1,0,1992,1,65,1,0,0,0,0,0.1,0.8,0.1,0,0,0,NA,0.3,0,0,1,0.8,1.5,1.5,0.283333333333332,1.5
"3859",1,0,1992,1,84,1,0,0,0,0.03,0.12,0.4,0.18,0.15,0.08,0.04,NA,0.7,0,1,1,0.4,1.5,0.76,2.3024,1.125
"3860",1,0,1992,1,94,1,0,0,0,0.15,0.3,0.4,0.05,0.05,0.05,0,NA,0.6,0,0,1,0.4,1.5,1.8,1.59333333333333,1.875
"3861",1,0,1992,1,99,1,0,0,0.05,0.15,0.65,0.1,0.05,0,0,0,NA,0.5,0,0,1,0.65,2.5,2.55,0.730833333333333,2.53846153846154
"3862",1,0,1992,1,404,2,0,0,0,0,0.3,0.5,0.2,0,0,0,NA,0.3,0,0,1,0.5,1.5,1.6,0.573333333333333,1.6
"3863",1,0,1992,1,405,1,0,0,0,0.05,0.3,0.4,0.2,0.05,0,0,NA,0.5,0,0,1,0.4,1.5,1.6,0.973333333333333,1.625
"3865",1,0,1992,1,407,1,0,0,0,0.05,0.15,0.65,0.15,0,0,0,NA,0.4,0,0,1,0.65,1.5,1.6,0.573333333333333,1.53846153846154
"3869",1,0,1992,1,411,2,0,0.01,0.02,0.03,0.2,0.5,0.2,0.03,0.01,0,NA,0.8,0,0,1,0.5,1.5,1.57,1.14843333333333,1.52
"3870",1,0,1992,1,414,1,0,0,0,0.05,0.35,0.5,0.1,0,0,0,NA,0.4,0,0,1,0.5,1.5,1.85,0.610833333333333,1.8
"3873",1,0,1992,1,420,1,0.05,0.05,0.05,0.05,0.2,0.4,0.1,0.05,0.05,0,NA,0.9,1,0,1,0.4,1.5,2.05,3.43083333333333,1.75
"3874",1,0,1992,1,421,1,0,0,0,0.05,0.2,0.5,0.2,0.05,0,0,NA,0.5,0,0,1,0.5,1.5,1.5,0.883333333333332,1.5
"3875",1,0,1992,1,422,1,0,0,0.05,0.45,0.3,0.16,0.03,0.01,0,0,NA,0.6,0,0,1,0.45,3.5,2.8,1.01333333333333,3
"3877",1,0,1992,1,424,1,0,0,0,0,0.15,0.2,0.65,0,0,0,NA,0.3,0,0,1,0.65,0.5,1,0.633333333333333,0.769230769230769
"3878",1,0,1992,1,426,1,0,0,0,0.1,0.15,0.55,0.1,0.05,0.05,0,NA,0.6,0,0,1,0.55,1.5,1.5,1.38333333333333,1.54545454545455
"3880",1,0,1992,1,428,2,0,0,0,0.1,0.3,0.4,0.2,0,0,0,NA,0.4,0,0,1,0.4,1.5,1.8,0.893333333333332,1.75
"3884",1,0,1992,1,433,2,0,0,0,0.05,0.25,0.5,0.15,0.05,0,0,NA,0.5,0,0,1,0.5,1.5,1.6,0.873333333333333,1.6
"3890",1,0,1992,1,439,2,0,0,0,0.05,0.3,0.6,0.05,0,0,0,NA,0.4,0,0,1,0.6,1.5,1.85,0.510833333333334,1.75
"4005",1,0,1993,1,20,2,0,0,0,0.3,0.6,0.1,0,0,0,0,NA,0.3,0,0,1,0.6,2.5,2.7,0.443333333333335,2.66666666666667
"4009",1,0,1993,1,65,1,0,0,0.2,0.6,0.2,0,0,0,0,0,NA,0.3,0,0,1,0.6,3.5,3.5,0.483333333333334,3.5
"4010",1,0,1993,1,94,1,0,0,0.2,0.45,0.2,0.1,0.05,0,0,0,NA,0.5,0,0,1,0.45,3.5,3.15,1.21083333333333,3.33333333333333
"4011",1,0,1993,1,99,1,0,0,0.05,0.75,0.12,0.05,0.03,0,0,0,NA,0.5,0,0,1,0.75,3.5,3.24,0.65573333333333,3.4
"4012",1,0,1993,1,404,2,0,0,0.15,0.5,0.3,0.05,0,0,0,0,NA,0.4,0,0,1,0.5,3.5,3.25,0.670833333333334,3.3
"4013",1,0,1993,1,407,1,0,0,0.05,0.45,0.45,0.05,0,0,0,0,NA,0.4,0,0,2,0.45,3,3,0.533333333333335,3
"4014",1,0,1993,1,411,2,0,0,0.15,0.45,0.25,0.1,0.05,0,0,0,NA,0.5,0,0,1,0.45,3.5,3.05,1.13083333333334,3.22222222222222
"4015",1,0,1993,1,414,1,0,0,0.05,0.45,0.45,0.05,0,0,0,0,NA,0.4,0,0,2,0.45,3,3,0.533333333333335,3
"4019",1,0,1993,1,420,1,0,0,0.05,0.4,0.5,0.05,0,0,0,0,NA,0.4,0,0,1,0.5,2.5,2.95,0.530833333333334,2.9
"4020",1,0,1993,1,421,1,0,0,0.15,0.55,0.25,0.05,0,0,0,0,NA,0.4,0,0,1,0.55,3.5,3.3,0.643333333333333,3.36363636363636
"4021",1,0,1993,1,422,1,0,0.05,0.2,0.4,0.2,0.1,0.05,0,0,0,NA,0.6,0,0,1,0.4,3.5,3.25,1.47083333333333,3.375
"4023",1,0,1993,1,424,1,0,0,0.1,0.25,0.5,0.15,0,0,0,0,NA,0.4,0,0,1,0.5,2.5,2.8,0.793333333333331,2.7
"4024",1,0,1993,1,426,1,0,0,0.1,0.15,0.7,0.05,0,0,0,0,NA,0.4,0,0,1,0.7,2.5,2.8,0.593333333333332,2.64285714285714
"4026",1,0,1993,1,428,2,0,0.05,0.15,0.6,0.2,0,0,0,0,0,NA,0.4,0,0,1,0.6,3.5,3.55,0.630833333333335,3.5
"4029",1,0,1993,1,431,1,0,0.05,0.2,0.35,0.3,0.05,0.04,0.01,0,0,NA,0.7,0,0,1,0.35,3.5,3.24,1.43573333333333,3.28571428571429
"4031",1,0,1993,1,433,2,0,0,0.2,0.6,0.2,0,0,0,0,0,NA,0.3,0,0,1,0.6,3.5,3.5,0.483333333333334,3.5
"4034",1,0,1993,1,439,2,0,0,0.05,0.25,0.65,0.05,0,0,0,0,NA,0.4,0,0,1,0.65,2.5,2.8,0.493333333333331,2.69230769230769
"4036",1,0,1993,1,442,1,0,0.00800025600819226,0.203990527696886,0.575018400588819,0.203990527696886,0.0090002880092163,0,0,0,0,NA,0.5,0,0,1,0.575018400588819,3.5,3.49799993599795,0.559312564540727,3.49913043478261
"4144",1,0,1994,1,20,2,0,0.1,0.3,0.6,0,0,0,0,0,0,NA,0.3,0,0,1,0.6,3.5,4,0.533333333333331,3.83333333333333
"4146",1,0,1994,1,65,1,0,0,0,0.5,0.5,0,0,0,0,0,NA,0.2,0,0,2,0.5,3,3,0.333333333333334,3
"4147",1,0,1994,1,84,1,0,0.02,0.13,0.75,0.1,0,0,0,0,0,NA,0.4,0,0,1,0.75,3.5,3.57,0.388433333333333,3.53333333333333
"4148",1,0,1994,1,94,1,0,0,0.15,0.4,0.2,0.1,0.08,0.05,0.02,0,NA,0.7,0,0,1,0.4,3.5,2.71,2.22923333333333,3.125
"4149",1,0,1994,1,99,1,0.02,0.03,0.09,0.39,0.41,0.02,0.02,0.02,0,0,NA,0.8,1,0,1,0.41,2.5,3.12,1.31893333333333,3.07692307692308
"4150",1,0,1994,1,405,1,0,0,0.1,0.4,0.4,0.1,0,0,0,0,NA,0.4,0,0,2,0.4,3,3,0.733333333333333,3
"4151",1,0,1994,1,407,1,0,0,0.05,0.7,0.2,0.05,0,0,0,0,NA,0.4,0,0,1,0.7,3.5,3.25,0.470833333333331,3.35714285714286
"4153",1,0,1994,1,411,2,0,0.05,0.15,0.7,0.1,0,0,0,0,0,NA,0.4,0,0,1,0.7,3.5,3.65,0.510833333333336,3.57142857142857
"4154",1,0,1994,1,414,1,0,0,0.25,0.6,0.15,0,0,0,0,0,NA,0.3,0,0,1,0.6,3.5,3.6,0.473333333333333,3.58333333333333
"4156",1,0,1994,1,420,1,0,0,0.1,0.4,0.4,0.1,0,0,0,0,NA,0.4,0,0,2,0.4,3,3,0.733333333333333,3
"4157",1,0,1994,1,421,1,0,0,0.2,0.5,0.3,0,0,0,0,0,NA,0.3,0,0,1,0.5,3.5,3.4,0.573333333333336,3.4
"4158",1,0,1994,1,422,1,0.02,0.06,0.3,0.4,0.15,0.05,0.02,0,0,0,NA,0.7,1,0,1,0.4,3.5,3.67,1.30443333333333,3.7
"4159",1,0,1994,1,426,1,0,0.1,0.15,0.45,0.2,0.1,0,0,0,0,NA,0.5,0,0,1,0.45,3.5,3.45,1.23083333333333,3.44444444444444
"4160",1,0,1994,1,428,2,0,0.05,0.1,0.5,0.25,0.1,0,0,0,0,NA,0.5,0,0,1,0.5,3.5,3.25,0.970833333333333,3.3
"4162",1,0,1994,1,431,1,0,0,0.05,0.5,0.4,0.05,0,0,0,0,NA,0.4,0,0,1,0.5,3.5,3.05,0.530833333333332,3.1
"4164",1,0,1994,1,433,2,0,0,0.1,0.8,0.1,0,0,0,0,0,NA,0.3,0,0,1,0.8,3.5,3.5,0.28333333333333,3.5
"4167",1,0,1994,1,439,2,0,0.05,0.15,0.4,0.25,0.1,0.05,0,0,0,NA,0.6,0,0,1,0.4,3.5,3.15,1.41083333333333,3.25
"4171",1,0,1994,1,446,2,0,0,0.1,0.6,0.2,0.1,0,0,0,0,NA,0.4,0,0,1,0.6,3.5,3.2,0.69333333333333,3.33333333333333
"4172",1,0,1994,1,448,1,0,0,0.3,0.5,0.2,0,0,0,0,0,NA,0.3,0,0,1,0.5,3.5,3.6,0.573333333333334,3.6
"4269",1,0,1995,1,20,2,0.05,0.3,0.65,0,0,0,0,0,0,0,NA,0.3,1,0,1,0.65,4.5,4.9,0.423333333333328,4.76923076923077
"4271",1,0,1995,1,65,1,0,0,0.1,0.7,0.2,0,0,0,0,0,NA,0.3,0,0,1,0.7,3.5,3.4,0.373333333333335,3.42857142857143
"4272",1,0,1995,1,84,1,0,0,0.02,0.9,0.08,0,0,0,0,0,NA,0.3,0,0,1,0.9,3.5,3.44,0.179733333333335,3.46666666666667
"4273",1,0,1995,1,99,1,0,0,0.04,0.42,0.5,0.02,0.02,0,0,0,NA,0.5,0,0,1,0.5,2.5,2.94,0.569733333333335,2.92
"4274",1,0,1995,1,404,2,0,0,0.05,0.5,0.4,0.05,0,0,0,0,NA,0.4,0,0,1,0.5,3.5,3.05,0.530833333333332,3.1
"4275",1,0,1995,1,405,1,0,0,0,0.2,0.6,0.1,0.1,0,0,0,NA,0.4,0,0,1,0.6,2.5,2.4,0.773333333333333,2.5
"4276",1,0,1995,1,407,1,0,0,0,0.6,0.35,0.05,0,0,0,0,NA,0.3,0,0,1,0.6,3.5,3.05,0.430833333333332,3.16666666666667
"4278",1,0,1995,1,411,2,0,0.05,0.1,0.35,0.35,0.1,0.05,0,0,0,NA,0.6,0,0,2,0.35,3,3,1.33333333333333,3
"4279",1,0,1995,1,414,1,0,0,0.1,0.3,0.4,0.2,0,0,0,0,NA,0.4,0,0,1,0.4,2.5,2.8,0.893333333333334,2.75
"4281",1,0,1995,1,420,1,0,0,0.1,0.15,0.6,0.15,0,0,0,0,NA,0.4,0,0,1,0.6,2.5,2.7,0.743333333333332,2.58333333333333
"4282",1,0,1995,1,421,1,0,0,0.05,0.45,0.45,0.05,0,0,0,0,NA,0.4,0,0,2,0.45,3,3,0.533333333333335,3
"4283",1,0,1995,1,426,1,0,0.1,0.15,0.2,0.2,0.15,0.1,0.1,0,0,NA,0.7,0,0,2,0.2,3,2.65,3.21083333333333,2.75
"4284",1,0,1995,1,428,2,0,0,0.1,0.4,0.4,0.1,0,0,0,0,NA,0.4,0,0,2,0.4,3,3,0.733333333333333,3
"4286",1,0,1995,1,431,1,0,0,0.02,0.15,0.5,0.2,0.1,0.03,0,0,NA,0.6,0,0,1,0.5,2.5,2.2,1.09333333333333,2.34
"4287",1,0,1995,1,433,2,0,0,0,0.75,0.25,0,0,0,0,0,NA,0.2,0,0,1,0.75,3.5,3.25,0.270833333333334,3.33333333333333
"4288",1,0,1995,1,439,2,0,0.075,0.15,0.35,0.2,0.15,0.05,0.025,0,0,NA,0.7,0,0,1,0.35,3.5,3.05,1.98083333333333,3.21428571428571
"4289",1,0,1995,1,442,1,0.00200009400441821,0.0370017390817368,0.247980655090789,0.48002256106037,0.203993587698622,0.0270012690596458,0.00200009400441821,0,0,0,NA,0.7,1,0,1,0.48002256106037,3.5,3.56398800743635,0.823226835672125,3.556234375
"4290",1,0,1995,1,446,2,0,0,0.2,0.4,0.3,0.1,0,0,0,0,NA,0.4,0,0,1,0.4,3.5,3.2,0.893333333333331,3.25
"4291",1,0,1995,1,448,1,0,0,0.1,0.45,0.35,0.1,0,0,0,0,NA,0.4,0,0,1,0.45,3.5,3.05,0.730833333333335,3.11111111111111
"4297",1,0,1995,1,456,1,0,0,0.25,0.5,0.25,0,0,0,0,0,NA,0.3,0,0,1,0.5,3.5,3.5,0.583333333333334,3.5
"4449",1,0,1996,1,20,2,0,0,0.2,0.7,0.1,0,0,0,0,0,NA,0.3,0,0,1,0.7,3.5,3.6,0.373333333333335,3.57142857142857
"4451",1,0,1996,1,65,1,0,0,0,0,0.05,0.9,0.05,0,0,0,NA,0.3,0,0,1,0.9,1.5,1.5,0.183333333333334,1.5
"4452",1,0,1996,1,84,1,0,0,0,0,0.3,0.45,0.15,0.05,0.04,0.01,NA,0.6,0,1,1,0.45,1.5,1.38,1.3356,1.55555555555556
"4453",1,0,1996,1,94,1,0,0,0.03,0.07,0.2,0.4,0.2,0.1,0,0,NA,0.6,0,0,1,0.4,1.5,1.53,1.43243333333333,1.5
"4454",1,0,1996,1,404,2,0,0,0,0.05,0.6,0.35,0,0,0,0,NA,0.3,0,0,1,0.6,2.5,2.2,0.393333333333332,2.25
"4455",1,0,1996,1,407,1,0,0,0,0,0.05,0.75,0.2,0,0,0,NA,0.3,0,0,1,0.75,1.5,1.35,0.310833333333333,1.4
"4457",1,0,1996,1,420,2,0,0,0,0,0.4,0.6,0,0,0,0,NA,0.2,0,0,1,0.6,1.5,1.9,0.323333333333334,1.83333333333333
"4458",1,0,1996,1,421,1,0,0,0,0,0.25,0.5,0.25,0,0,0,NA,0.3,0,0,1,0.5,1.5,1.5,0.583333333333333,1.5
"4459",1,0,1996,1,426,2,0,0.02,0.1,0.15,0.6,0.1,0.03,0,0,0,NA,0.6,0,0,1,0.6,2.5,2.75,0.970833333333331,2.61666666666667
"4460",1,0,1996,1,428,2,0,0,0,0,0.2,0.65,0.15,0,0,0,NA,0.3,0,0,1,0.65,1.5,1.55,0.430833333333333,1.53846153846154
"4461",1,0,1996,1,431,1,0,0,0,0,0.2,0.4,0.3,0.1,0,0,NA,0.4,0,0,1,0.4,1.5,1.2,0.893333333333334,1.25
"4462",1,0,1996,1,433,2,0,0,0,0,0.5,0.4,0.1,0,0,0,NA,0.3,0,0,1,0.5,2.5,1.9,0.523333333333333,2
"4463",1,0,1996,1,439,2,0,0,0.125,0.25,0.35,0.15,0.05,0.05,0.025,0,NA,0.7,0,0,1,0.35,2.5,2.5,2.03333333333333,2.64285714285714
"4464",1,0,1996,1,442,1,0,0,0.00100002600067602,0.0300007800202805,0.231998031948831,0.495012870334629,0.223989823735417,0.017998467960167,0,0,NA,0.6,0,0,1,0.495012870334629,1.5,1.53501291033567,0.739092511055282,1.52122222222222
"4466",1,0,1996,1,446,2,0,0,0,0,0.3,0.35,0.25,0.1,0,0,NA,0.4,0,0,1,0.35,1.5,1.35,1.01083333333333,1.42857142857143
"4470",1,0,1996,1,456,1,0,0,0,0,0.2,0.65,0.15,0,0,0,NA,0.3,0,0,1,0.65,1.5,1.55,0.430833333333333,1.53846153846154
"4473",1,0,1996,1,463,3,0,0,0.02,0.2,0.4,0.3,0.05,0.03,0,0,NA,0.6,0,0,1,0.4,2.5,2.25,1.07083333333333,2.3
"4474",1,0,1996,1,465,1,0,0,0,0.05,0.3,0.4,0.15,0.05,0.05,0,NA,0.6,0,0,1,0.4,1.5,1.5,1.38333333333333,1.625
"4476",1,0,1996,1,469,2,0,0,0,0,0.05,0.3,0.4,0.2,0.05,0,NA,0.5,0,0,1,0.4,0.5,0.6,0.973333333333333,0.625
"4478",1,0,1996,1,472,2,0,0,0,0,0.7,0.25,0.05,0,0,0,NA,0.3,0,0,1,0.7,2.5,2.15,0.410833333333333,2.28571428571429
"4480",1,0,1996,1,475,2,0,0,0,0,0.05,0.65,0.2,0.1,0,0,NA,0.4,0,0,1,0.65,1.5,1.15,0.610833333333333,1.30769230769231
"4482",1,0,1996,1,481,3,0,0,0,0.1,0.35,0.3,0.15,0.1,0,0,NA,0.5,0,0,1,0.35,2.5,1.7,1.34333333333333,1.83333333333333
"4483",1,0,1996,1,484,2,0,0,0.05,0.13,0.33,0.3,0.15,0.04,0,0,NA,0.6,0,0,1,0.33,2.5,2.01,1.43323333333333,2.03030303030303
"4484",1,0,1996,1,485,3,0,0,0,0.1,0.7,0.2,0,0,0,0,NA,0.3,0,0,1,0.7,2.5,2.4,0.373333333333331,2.42857142857143
"4608",1,0,1997,1,20,2,0,0,0,0.6,0.4,0,0,0,0,0,NA,0.2,0,0,1,0.6,3.5,3.1,0.323333333333332,3.16666666666667
"4610",1,0,1997,1,65,1,0,0,0,0.5,0.5,0,0,0,0,0,NA,0.2,0,0,2,0.5,3,3,0.333333333333334,3
"4611",1,0,1997,1,84,1,0,0,0,0.4,0.5,0.1,0,0,0,0,NA,0.3,0,0,1,0.5,2.5,2.8,0.493333333333331,2.8
"4612",1,0,1997,1,94,1,0,0,0.1,0.2,0.4,0.2,0.1,0,0,0,NA,0.5,0,0,1,0.4,2.5,2.5,1.28333333333333,2.5
"4613",1,0,1997,1,404,2,0,0,0.05,0.55,0.35,0.05,0,0,0,0,NA,0.4,0,0,1,0.55,3.5,3.1,0.523333333333332,3.18181818181818
"4614",1,0,1997,1,407,1,0,0,0,0.2,0.75,0.05,0,0,0,0,NA,0.3,0,0,1,0.75,2.5,2.65,0.310833333333331,2.6
"4615",1,0,1997,1,411,2,0,0,0,0.05,0.5,0.3,0.15,0,0,0,NA,0.4,0,0,1,0.5,2.5,1.95,0.730833333333333,2.1
"4616",1,0,1997,1,414,1,0,0,0,0.1,0.8,0.1,0,0,0,0,NA,0.3,0,0,1,0.8,2.5,2.5,0.283333333333333,2.5
"4617",1,0,1997,1,420,2,0,0,0,0.1,0.7,0.2,0,0,0,0,NA,0.3,0,0,1,0.7,2.5,2.4,0.373333333333331,2.42857142857143
"4618",1,0,1997,1,421,1,0,0,0,0.05,0.35,0.35,0.15,0.1,0,0,NA,0.5,0,0,2,0.35,2,1.6,1.17333333333333,1.71428571428571
"4619",1,0,1997,1,423,2,0.106002498082437,0.0650021450707873,0.181998005934196,0.225007425245033,0.200983632459871,0.131003323109663,0.0620020460675202,0.0220007260239588,0.00500016500544518,0.00100003300108904,NA,1,1,1,1,0.225007425245033,3.5,3.36100941331064,3.26974340585078,3.3467
"4620",1,0,1997,1,426,2,0,0,0.05,0.25,0.45,0.2,0.05,0,0,0,NA,0.5,0,0,1,0.45,2.5,2.55,0.930833333333331,2.55555555555556
"4621",1,0,1997,1,428,2,0,0,0,0.25,0.65,0.1,0,0,0,0,NA,0.3,0,0,1,0.65,2.5,2.65,0.410833333333333,2.61538461538462
"4623",1,0,1997,1,431,1,0,0,0,0.08,0.42,0.35,0.1,0.05,0,0,NA,0.5,0,0,1,0.42,2.5,1.88,0.978933333333332,2
"4624",1,0,1997,1,433,2,0,0,0,0.1,0.85,0.05,0,0,0,0,NA,0.3,0,0,1,0.85,2.5,2.55,0.230833333333331,2.52941176470588
"4625",1,0,1997,1,439,2,0,0,0.1,0.33,0.37,0.12,0.05,0.02,0.01,0,NA,0.7,0,0,1,0.37,2.5,2.71,1.42923333333333,2.81081081081081
"4626",1,0,1997,1,442,1,0,0.00100003300108904,0.028999956998581,0.307002131070325,0.462007246239126,0.18899023667781,0.0120003960130684,0,0,0,NA,0.6,0,0,1,0.462007246239126,2.5,2.65501111536681,0.728298964250608,2.64719627179691
"4627",1,0,1997,1,446,2,0,0,0,0.1,0.7,0.2,0,0,0,0,NA,0.3,0,0,1,0.7,2.5,2.4,0.373333333333331,2.42857142857143
"4630",1,0,1997,1,456,1,0,0,0.05,0.45,0.4,0.1,0,0,0,0,NA,0.4,0,0,1,0.45,3.5,2.95,0.630833333333335,3
"4632",1,0,1997,1,463,3,0,0.05,0.1,0.25,0.35,0.15,0.08,0.02,0,0,NA,0.7,0,0,1,0.35,2.5,2.73,1.78043333333333,2.71428571428571
"4634",1,0,1997,1,465,1,0,0,0.05,0.3,0.4,0.2,0.05,0,0,0,NA,0.5,0,0,1,0.4,2.5,2.6,0.973333333333333,2.625
"4636",1,0,1997,1,469,2,0,0,0,0.1,0.5,0.3,0.1,0,0,0,NA,0.4,0,0,1,0.5,2.5,2.1,0.723333333333335,2.2
"4638",1,0,1997,1,472,2,0,0,0,0.05,0.9,0.05,0,0,0,0,NA,0.3,0,0,1,0.9,2.5,2.5,0.183333333333333,2.5
"4640",1,0,1997,1,475,2,0,0,0,0.15,0.75,0.1,0,0,0,0,NA,0.3,0,0,1,0.75,2.5,2.55,0.330833333333334,2.53333333333333
"4641",1,0,1997,1,481,3,0,0,0,0.1,0.5,0.3,0.1,0,0,0,NA,0.4,0,0,1,0.5,2.5,2.1,0.723333333333335,2.2
"4642",1,0,1997,1,484,2,0,0,0,0.25,0.45,0.25,0.05,0,0,0,NA,0.4,0,0,1,0.45,2.5,2.4,0.773333333333333,2.44444444444444
"4643",1,0,1997,1,485,3,0,0,0,0.3,0.5,0.2,0,0,0,0,NA,0.3,0,0,1,0.5,2.5,2.6,0.573333333333336,2.6
"4761",1,0,1998,1,20,2,0,0,0,0.7,0.3,0,0,0,0,0,NA,0.2,0,0,1,0.7,3.5,3.2,0.293333333333335,3.28571428571429
"4763",1,0,1998,1,65,2,0,0,0,0,0.5,0.5,0,0,0,0,NA,0.2,0,0,2,0.5,2,2,0.333333333333333,2
"4764",1,0,1998,1,84,1,0,0,0,0.25,0.68,0.05,0.01,0.01,0,0,NA,0.5,0,0,1,0.68,2.5,2.65,0.490833333333331,2.63235294117647
"4765",1,0,1998,1,404,2,0,0,0,0.45,0.45,0.1,0,0,0,0,NA,0.3,0,0,2,0.45,3,2.85,0.510833333333332,2.88888888888889
"4766",1,0,1998,1,407,1,0,0,0,0.05,0.85,0.1,0,0,0,0,NA,0.3,0,0,1,0.85,2.5,2.45,0.230833333333335,2.47058823529412
"4767",1,0,1998,1,411,2,0,0,0,0.05,0.5,0.4,0.05,0,0,0,NA,0.4,0,0,1,0.5,2.5,2.05,0.530833333333332,2.1
"4768",1,0,1998,1,414,1,0,0,0,0.35,0.45,0.2,0,0,0,0,NA,0.3,0,0,1,0.45,2.5,2.65,0.610833333333336,2.66666666666667
"4769",1,0,1998,1,420,2,0,0,0,0.3,0.6,0.1,0,0,0,0,NA,0.3,0,0,1,0.6,2.5,2.7,0.443333333333335,2.66666666666667
"4770",1,0,1998,1,426,2,0,0,0,0.1,0.7,0.15,0.05,0,0,0,NA,0.4,0,0,1,0.7,2.5,2.35,0.510833333333331,2.42857142857143
"4771",1,0,1998,1,428,2,0,0,0,0.5,0.5,0,0,0,0,0,NA,0.2,0,0,2,0.5,3,3,0.333333333333334,3
"4773",1,0,1998,1,431,1,0,0,0.05,0.15,0.25,0.3,0.2,0.05,0,0,NA,0.6,0,0,1,0.3,1.5,1.9,1.62333333333333,1.83333333333333
"4774",1,0,1998,1,433,2,0,0,0,0.1,0.8,0.1,0,0,0,0,NA,0.3,0,0,1,0.8,2.5,2.5,0.283333333333333,2.5
"4775",1,0,1998,1,442,1,0,0.0100303619054879,0.153462531081584,0.493485781460481,0.304906953347784,0.0361082998235659,0.00200607238109758,0,0,0,NA,0.6,0,0,1,0.493485781460481,3.5,3.29038148475435,0.700372194175007,3.31810171710109
"4776",1,0,1998,1,446,2,0,0,0,0.15,0.4,0.25,0.1,0.1,0,0,NA,0.5,0,0,1,0.4,2.5,1.9,1.42333333333333,2.125
"4778",1,0,1998,1,456,1,0,0,0,0.45,0.55,0,0,0,0,0,NA,0.2,0,0,1,0.55,2.5,2.95,0.330833333333334,2.90909090909091
"4781",1,0,1998,1,463,3,0,0.01,0.17,0.4,0.3,0.1,0.02,0,0,0,NA,0.6,0,0,1,0.4,3.5,3.13,1.03643333333333,3.2
"4783",1,0,1998,1,465,1,0,0,0.05,0.3,0.45,0.2,0,0,0,0,NA,0.4,0,0,1,0.45,2.5,2.7,0.743333333333332,2.66666666666667
"4784",1,0,1998,1,469,2,0,0,0,0.2,0.6,0.2,0,0,0,0,NA,0.3,0,0,1,0.6,2.5,2.5,0.483333333333333,2.5
"4786",1,0,1998,1,472,2,0,0,0,0.55,0.45,0,0,0,0,0,NA,0.2,0,0,1,0.55,3.5,3.05,0.330833333333333,3.09090909090909
"4787",1,0,1998,1,475,2,0,0,0,0.2,0.7,0.1,0,0,0,0,NA,0.3,0,0,1,0.7,2.5,2.6,0.373333333333332,2.57142857142857
"4788",1,0,1998,1,481,3,0,0,0,0.15,0.4,0.25,0.15,0.05,0,0,NA,0.5,0,0,1,0.4,2.5,1.95,1.23083333333333,2.125
"4789",1,0,1998,1,484,2,0,0,0,0.05,0.55,0.34,0.05,0.01,0,0,NA,0.5,0,0,1,0.55,2.5,2.08,0.586933333333332,2.18181818181818
"4790",1,0,1998,1,485,3,0,0,0.5,0.4,0.1,0,0,0,0,0,NA,0.3,0,0,1,0.5,4.5,3.9,0.52333333333333,4
"4888",1,0,1999,1,65,2,0,0,0.12,0.55,0.33,0,0,0,0,0,NA,0.3,0,0,1,0.55,3.5,3.29,0.489233333333331,3.30909090909091
"4889",1,0,1999,1,84,1,0,0,0.05,0.5,0.4,0.05,0,0,0,0,NA,0.4,0,0,1,0.5,3.5,3.05,0.530833333333332,3.1
"4890",1,0,1999,1,94,1,0,0.05,0.15,0.4,0.15,0.1,0.1,0.05,0,0,NA,0.7,0,0,1,0.4,3.5,2.9,2.32333333333333,3.25
"4891",1,0,1999,1,99,1,0,0.03,0.05,0.45,0.35,0.05,0.04,0.02,0.01,0,NA,0.8,0,0,1,0.45,3.5,2.91,1.38523333333333,3.06666666666667
"4893",1,0,1999,1,405,1,0,0,0,0.1,0.6,0.3,0,0,0,0,NA,0.3,0,0,1,0.6,2.5,2.3,0.443333333333334,2.33333333333333
"4894",1,0,1999,1,407,1,0,0,0,0.1,0.7,0.2,0,0,0,0,NA,0.3,0,0,1,0.7,2.5,2.4,0.373333333333331,2.42857142857143
"4895",1,0,1999,1,414,1,0,0,0.05,0.4,0.35,0.15,0.05,0,0,0,NA,0.5,0,0,1,0.4,3.5,2.75,0.970833333333333,2.85714285714286
"4896",1,0,1999,1,421,1,0,0,0.1,0.5,0.3,0.1,0,0,0,0,NA,0.4,0,0,1,0.5,3.5,3.1,0.723333333333331,3.2
"4897",1,0,1999,1,426,2,0,0,0.05,0.15,0.4,0.3,0.05,0.05,0,0,NA,0.6,0,0,1,0.4,2.5,2.2,1.29333333333333,2.25
"4898",1,0,1999,1,428,2,0,0,0,0.2,0.6,0.2,0,0,0,0,NA,0.3,0,0,1,0.6,2.5,2.5,0.483333333333333,2.5
"4900",1,0,1999,1,431,1,0.02,0.03,0.1,0.15,0.2,0.3,0.1,0.05,0.03,0.02,NA,1,1,1,1,0.3,1.5,2.13,3.44976666666667,2
"4901",1,0,1999,1,433,2,0,0,0,0.6,0.4,0,0,0,0,0,NA,0.2,0,0,1,0.6,3.5,3.1,0.323333333333332,3.16666666666667
"4902",1,0,1999,1,439,2,0,0.05,0.3,0.45,0.1,0.06,0.03,0.01,0,0,NA,0.7,0,0,1,0.45,3.5,3.55,1.35083333333333,3.66666666666667
"4903",1,0,1999,1,446,2,0,0,0.1,0.8,0.1,0,0,0,0,0,NA,0.3,0,0,1,0.8,3.5,3.5,0.28333333333333,3.5
"4904",1,0,1999,1,456,1,0,0,0,0.5,0.5,0,0,0,0,0,NA,0.2,0,0,2,0.5,3,3,0.333333333333334,3
"4907",1,0,1999,1,463,3,0,0,0.2,0.5,0.2,0.1,0,0,0,0,NA,0.4,0,0,1,0.5,3.5,3.3,0.843333333333334,3.4
"4909",1,0,1999,1,465,1,0,0.05,0.4,0.45,0.1,0,0,0,0,0,NA,0.4,0,0,1,0.45,3.5,3.9,0.62333333333333,3.88888888888889
"4911",1,0,1999,1,469,2,0,0,0,0.1,0.4,0.3,0.1,0.1,0,0,NA,0.5,0,0,1,0.4,2.5,1.8,1.29333333333333,2
"4912",1,0,1999,1,472,2,0,0,0.02,0.78,0.18,0.02,0,0,0,0,NA,0.4,0,0,1,0.78,3.5,3.3,0.323333333333339,3.38461538461538
"4913",1,0,1999,1,475,2,0,0,0.05,0.5,0.35,0.1,0,0,0,0,NA,0.4,0,0,1,0.5,3.5,3,0.633333333333333,3.1
"4914",1,0,1999,1,481,3,0,0,0.1,0.3,0.3,0.15,0.1,0.05,0,0,NA,0.6,0,0,2,0.3,3,2.5,1.78333333333333,2.66666666666667
"4915",1,0,1999,1,483,3,0,0.02,0.15,0.25,0.2,0.15,0.1,0.08,0.03,0.02,NA,0.9,0,1,1,0.25,3.5,2.28,3.54826666666667,2.6
"4916",1,0,1999,1,484,2,0,0,0.03,0.33,0.29,0.25,0.07,0.03,0,0,NA,0.6,0,0,1,0.33,3.5,2.41,1.32523333333333,2.51724137931035
"4919",1,0,1999,1,498,1,0,0,0.2,0.5,0.2,0.1,0,0,0,0,NA,0.4,0,0,1,0.5,3.5,3.3,0.843333333333334,3.4
"5037",1,0,2000,1,20,2,0,0.3,0.65,0.05,0,0,0,0,0,0,NA,0.3,0,0,1,0.65,4.5,4.75,0.370833333333334,4.69230769230769
"5039",1,0,2000,1,65,2,0,0,0,0.5,0.5,0,0,0,0,0,NA,0.2,0,0,2,0.5,3,3,0.333333333333334,3
"5040",1,0,2000,1,84,1,0,0,0.8,0.2,0,0,0,0,0,0,NA,0.2,0,0,1,0.8,4.5,4.3,0.243333333333336,4.375
"5041",1,0,2000,1,94,1,0,0.1,0.3,0.4,0.15,0.05,0,0,0,0,NA,0.5,0,0,1,0.4,3.5,3.75,1.07083333333333,3.75
"5042",1,0,2000,1,407,1,0,0,0.1,0.85,0.05,0,0,0,0,0,NA,0.3,0,0,1,0.85,3.5,3.55,0.230833333333331,3.52941176470588
"5043",1,0,2000,1,411,2,0,0,0.05,0.65,0.25,0.05,0,0,0,0,NA,0.4,0,0,1,0.65,3.5,3.2,0.493333333333334,3.30769230769231
"5044",1,0,2000,1,414,1,0,0,0.45,0.4,0.1,0.05,0,0,0,0,NA,0.4,0,0,1,0.45,4.5,3.75,0.770833333333334,3.875
"5045",1,0,2000,1,420,2,0,0,0.4,0.5,0.1,0,0,0,0,0,NA,0.3,0,0,1,0.5,3.5,3.8,0.493333333333334,3.8
"5046",1,0,2000,1,421,2,0,0,0.2,0.3,0.4,0.1,0,0,0,0,NA,0.4,0,0,1,0.4,2.5,3.1,0.923333333333332,3
"5047",1,0,2000,1,426,2,0,0.07,0.1,0.75,0.05,0.03,0,0,0,0,NA,0.5,0,0,1,0.75,3.5,3.63,0.616433333333333,3.56
"5048",1,0,2000,1,428,2,0,0.05,0.5,0.4,0.05,0,0,0,0,0,NA,0.4,0,0,1,0.5,4.5,4.05,0.530833333333334,4.1
"5050",1,0,2000,1,431,1,0,0.05,0.3,0.4,0.2,0.05,0,0,0,0,NA,0.5,0,0,1,0.4,3.5,3.6,0.973333333333329,3.625
"5051",1,0,2000,1,433,2,0,0,0.2,0.8,0,0,0,0,0,0,NA,0.2,0,0,1,0.8,3.5,3.7,0.243333333333332,3.625
"5052",1,0,2000,1,456,1,0,0,0.8,0.2,0,0,0,0,0,0,NA,0.2,0,0,1,0.8,4.5,4.3,0.243333333333336,4.375
"5053",1,0,2000,1,463,3,0,0.07,0.3,0.4,0.2,0.03,0,0,0,0,NA,0.5,0,0,1,0.4,3.5,3.68,0.950933333333335,3.675
"5055",1,0,2000,1,465,1,0,0.08,0.6,0.3,0.02,0,0,0,0,0,NA,0.4,0,0,1,0.6,4.5,4.24,0.475733333333334,4.3
"5056",1,0,2000,1,469,2,0,0,0.3,0.6,0.1,0,0,0,0,0,NA,0.3,0,0,1,0.6,3.5,3.7,0.443333333333332,3.66666666666667
"5058",1,0,2000,1,472,2,0,0,0.05,0.9,0.05,0,0,0,0,0,NA,0.3,0,0,1,0.9,3.5,3.5,0.183333333333334,3.5
"5059",1,0,2000,1,481,3,0,0.01,0.15,0.35,0.3,0.1,0.05,0.04,0,0,NA,0.7,0,0,1,0.35,3.5,2.86,1.65373333333334,3.02857142857143
"5060",1,0,2000,1,484,2,0,0.09,0.2,0.36,0.3,0.05,0,0,0,0,NA,0.5,0,0,1,0.36,3.5,3.48,1.14293333333333,3.41666666666667
"5066",1,0,2000,1,504,1,0,0,0.2,0.5,0.2,0.1,0,0,0,0,NA,0.4,0,0,1,0.5,3.5,3.3,0.843333333333334,3.4
"5067",1,0,2000,1,506,2,0.02,0.05,0.19,0.45,0.16,0.06,0.05,0.02,0,0,NA,0.8,1,0,1,0.45,3.5,3.34,1.79773333333334,3.46666666666667
"5068",1,0,2000,1,507,3,0,0.05,0.14,0.6,0.14,0.04,0.02,0.01,0,0,NA,0.7,0,0,1,0.6,3.5,3.42,1.05693333333333,3.48333333333333
"5069",1,0,2000,1,508,2,0,0.03,0.1,0.25,0.3,0.2,0.1,0.02,0,0,NA,0.7,0,0,1,0.3,2.5,2.58,1.77693333333333,2.6
"5070",1,0,2000,1,510,2,0,0.1,0.6,0.2,0.1,0,0,0,0,0,NA,0.4,0,0,1,0.6,4.5,4.2,0.693333333333332,4.33333333333333
"5071",1,0,2000,1,512,2,0,0,0.8,0.2,0,0,0,0,0,0,NA,0.2,0,0,1,0.8,4.5,4.3,0.243333333333336,4.375
"5173",1,0,2001,1,20,2,0,0,0,0.5,0.5,0,0,0,0,0,NA,0.2,0,0,2,0.5,3,3,0.333333333333334,3
"5175",1,0,2001,1,65,2,0,0,0,0,0.75,0.25,0,0,0,0,NA,0.2,0,0,1,0.75,2.5,2.25,0.270833333333333,2.33333333333333
"5176",1,0,2001,1,84,1,0,0.05,0.55,0.15,0.12,0.08,0.04,0.01,0,0,NA,0.7,0,0,1,0.55,4.5,3.71,1.74923333333333,4.18181818181818
"5177",1,0,2001,1,94,1,0,0,0,0.2,0.4,0.2,0.2,0,0,0,NA,0.4,0,0,1,0.4,2.5,2.1,1.12333333333333,2.25
"5178",1,0,2001,1,99,1,0,0,0.03,0.2,0.4,0.2,0.09,0.05,0.02,0.01,NA,0.8,0,1,1,0.4,2.5,2.09,1.9319,2.325
"5179",1,0,2001,1,411,2,0,0,0,0.15,0.5,0.35,0,0,0,0,NA,0.3,0,0,1,0.5,2.5,2.3,0.543333333333334,2.3
"5180",1,0,2001,1,421,2,0,0,0,0.05,0.45,0.45,0.05,0,0,0,NA,0.4,0,0,2,0.45,2,2,0.533333333333333,2
"5181",1,0,2001,1,423,2,0.01,0.02,0.06,0.12,0.19,0.23,0.19,0.11,0.07,0,NA,0.9,1,0,1,0.23,1.5,1.62,3.10893333333333,1.56521739130435
"5182",1,0,2001,1,428,2,0,0,0,0.15,0.5,0.3,0.05,0,0,0,NA,0.4,0,0,1,0.5,2.5,2.25,0.670833333333335,2.3
"5184",1,0,2001,1,431,1,0,0,0,0.1,0.3,0.4,0.2,0,0,0,NA,0.4,0,0,1,0.4,1.5,1.8,0.893333333333332,1.75
"5185",1,0,2001,1,433,2,0,0,0,0,0.4,0.5,0.1,0,0,0,NA,0.3,0,0,1,0.5,1.5,1.8,0.493333333333333,1.8
"5186",1,0,2001,1,439,2,0,0.05,0.1,0.15,0.25,0.2,0.13,0.07,0.03,0.02,NA,0.9,0,1,1,0.25,2.5,2.09,3.47856666666667,2.2
"5187",1,0,2001,1,446,2,0,0,0,0.05,0.6,0.25,0.1,0,0,0,NA,0.4,0,0,1,0.6,2.5,2.1,0.623333333333334,2.25
"5188",1,0,2001,1,456,1,0,0,0,0.1,0.2,0.3,0.2,0.1,0.05,0.05,NA,0.7,0,1,1,0.3,1.5,1.1,2.85666666666667,1.33333333333333
"5189",1,0,2001,1,463,3,0,0,0.05,0.15,0.4,0.3,0.1,0,0,0,NA,0.5,0,0,1,0.4,2.5,2.25,1.07083333333333,2.25
"5190",1,0,2001,1,465,1,0,0,0,0.1,0.2,0.5,0.1,0.05,0.05,0,NA,0.6,0,0,1,0.5,1.5,1.55,1.43083333333333,1.6
"5191",1,0,2001,1,472,2,0,0,0,0.3,0.6,0.1,0,0,0,0,NA,0.3,0,0,1,0.6,2.5,2.7,0.443333333333335,2.66666666666667
"5192",1,0,2001,1,475,2,0,0,0,0,0.1,0.15,0.5,0.25,0,0,NA,0.4,0,0,1,0.5,0.5,0.6,0.873333333333333,0.5
"5193",1,0,2001,1,483,3,0.01,0.02,0.05,0.09,0.15,0.2,0.25,0.2,0.02,0.01,NA,1,1,1,1,0.25,0.5,1.35,3.0775,1.1
"5194",1,0,2001,1,484,2,0,0,0,0.02,0.3,0.4,0.15,0.09,0.03,0.01,NA,0.7,0,1,1,0.4,1.5,1.37,1.4831,1.55
"5195",1,0,2001,1,485,3,0,0,0,0.1,0.3,0.6,0,0,0,0,NA,0.3,0,0,1,0.6,1.5,2,0.533333333333333,1.83333333333333
"5201",1,0,2001,1,504,1,0,0,0,0.05,0.4,0.4,0.1,0.05,0,0,NA,0.5,0,0,2,0.4,2,1.8,0.893333333333332,1.875
"5202",1,0,2001,1,506,2,0,0,0.02,0.07,0.33,0.36,0.12,0.08,0.02,0,NA,0.7,0,0,1,0.36,1.5,1.69,1.45723333333333,1.77777777777778
"5203",1,0,2001,1,507,3,0,0,0,0.1,0.7,0.1,0.1,0,0,0,NA,0.4,0,0,1,0.7,2.5,2.3,0.643333333333334,2.42857142857143
"5204",1,0,2001,1,508,2,0,0,0,0.2,0.5,0.2,0.1,0,0,0,NA,0.4,0,0,1,0.5,2.5,2.3,0.843333333333334,2.4
"5205",1,0,2001,1,510,2,0,0,0,0.1,0.7,0.1,0.05,0.05,0,0,NA,0.5,0,0,1,0.7,2.5,2.25,0.870833333333333,2.42857142857143
"5206",1,0,2001,1,512,2,0,0,0,0.1,0.7,0.2,0,0,0,0,NA,0.3,0,0,1,0.7,2.5,2.4,0.373333333333331,2.42857142857143
"5207",1,0,2001,1,516,1,0,0,0,0.02,0.5,0.15,0.15,0.15,0.03,0,NA,0.6,0,0,1,0.5,2.5,1.5,1.68333333333333,2.04
"5303",1,0,2002,1,20,2,0,0,0,0,0,0.3,0.7,0,0,0,NA,0.2,0,0,1,0.7,0.5,0.8,0.293333333333333,0.714285714285714
"5305",1,0,2002,1,65,2,0,0,0,0,0,0.75,0.25,0,0,0,NA,0.2,0,0,1,0.75,1.5,1.25,0.270833333333333,1.33333333333333
"5306",1,0,2002,1,84,1,0,0,0,0.02,0.36,0.52,0.05,0.03,0.01,0.01,NA,0.7,0,1,1,0.52,1.5,1.71,0.995899999999999,1.76923076923077
"5307",1,0,2002,1,99,1,0,0,0.03,0.37,0.35,0.13,0.08,0.03,0.01,0,NA,0.7,0,0,1,0.37,3.5,2.51,1.45323333333334,2.71428571428571
"5308",1,0,2002,1,407,1,0,0,0,0,0.1,0.85,0.05,0,0,0,NA,0.3,0,0,1,0.85,1.5,1.55,0.230833333333334,1.52941176470588
"5309",1,0,2002,1,411,2,0,0,0,0,0.35,0.55,0.1,0,0,0,NA,0.3,0,0,1,0.55,1.5,1.75,0.470833333333332,1.72727272727273
"5310",1,0,2002,1,421,2,0,0,0,0.05,0.6,0.3,0.05,0,0,0,NA,0.4,0,0,1,0.6,2.5,2.15,0.510833333333333,2.25
"5311",1,0,2002,1,423,2,0.002,0.01,0.034,0.102,0.202,0.26,0.219,0.12,0.043,0.008,NA,1,1,1,1,0.26,1.5,1.43,2.49576666666667,1.42307692307692
"5312",1,0,2002,1,426,2,0,0,0,0.05,0.15,0.25,0.35,0.15,0.05,0,NA,0.6,0,0,1,0.35,0.5,0.95,1.53083333333333,0.857142857142857
"5313",1,0,2002,1,428,2,0,0,0,0.05,0.2,0.35,0.3,0.1,0,0,NA,0.5,0,0,1,0.35,1.5,1.3,1.14333333333333,1.28571428571429
"5315",1,0,2002,1,431,1,0,0,0,0.2,0.5,0.25,0.05,0,0,0,NA,0.4,0,0,1,0.5,2.5,2.35,0.710833333333332,2.4
"5316",1,0,2002,1,433,2,0,0,0,0,0.2,0.6,0.2,0,0,0,NA,0.3,0,0,1,0.6,1.5,1.5,0.483333333333334,1.5
"5317",1,0,2002,1,439,2,0,0,0.05,0.1,0.4,0.3,0.1,0.03,0.02,0,NA,0.7,0,0,1,0.4,2.5,2.03,1.45243333333333,2.125
"5318",1,0,2002,1,446,2,0,0,0,0,0.3,0.5,0.2,0,0,0,NA,0.3,0,0,1,0.5,1.5,1.6,0.573333333333333,1.6
"5319",1,0,2002,1,463,3,0,0,0.04,0.1,0.3,0.35,0.15,0.04,0.02,0,NA,0.7,0,0,1,0.35,1.5,1.83,1.52443333333333,1.82857142857143
"5320",1,0,2002,1,465,1,0,0,0,0,0.2,0.5,0.2,0.1,0,0,NA,0.4,0,0,1,0.5,1.5,1.3,0.843333333333333,1.4
"5321",1,0,2002,1,483,3,0.05,0.06,0.12,0.2,0.2,0.15,0.12,0.08,0.02,0,NA,0.9,1,0,2,0.2,3,2.61,3.76123333333333,2.65
"5322",1,0,2002,1,484,2,0,0,0,0,0.07,0.25,0.38,0.25,0.04,0.01,NA,0.6,0,1,1,0.38,0.5,0.52,1.1896,0.526315789473684
"5323",1,0,2002,1,485,3,0,0,0,0,0,0,0.1,0.6,0.3,0,NA,0.3,0,0,1,0.6,-0.5,-0.7,0.443333333333333,-0.666666666666667
"5328",1,0,2002,1,507,3,0,0,0,0,0,0.7,0.2,0.1,0,0,NA,0.3,0,0,1,0.7,1.5,1.1,0.523333333333334,1.28571428571429
"5329",1,0,2002,1,508,2,0,0,0.02,0.2,0.5,0.25,0.03,0,0,0,NA,0.5,0,0,1,0.5,2.5,2.43,0.728433333333332,2.44
"5330",1,0,2002,1,510,2,0,0,0,0.05,0.05,0.8,0.05,0.05,0,0,NA,0.5,0,0,1,0.8,1.5,1.5,0.583333333333333,1.5
"5331",1,0,2002,1,512,2,0,0,0.05,0.6,0.3,0.05,0,0,0,0,NA,0.4,0,0,1,0.6,3.5,3.15,0.510833333333332,3.25
"5332",1,0,2002,1,516,1,0,0,0,0,0,0.1,0.7,0.2,0,0,NA,0.3,0,0,1,0.7,0.5,0.4,0.373333333333333,0.428571428571429
"5334",1,0,2002,1,518,2,0,0,0,0,0.1,0.2,0.5,0.1,0.1,0,NA,0.5,0,0,1,0.5,0.5,0.6,1.17333333333333,0.6
"5335",1,0,2002,1,519,1,0,0,0,0.1,0.2,0.4,0.2,0.1,0,0,NA,0.5,0,0,1,0.4,1.5,1.5,1.28333333333333,1.5
"5336",1,0,2002,1,520,2,0,0.05,0.05,0.2,0.2,0.4,0.1,0,0,0,NA,0.6,0,0,1,0.4,1.5,2.35,1.71083333333333,2
"5337",1,0,2002,1,521,1,0,0,0,0.05,0.15,0.35,0.2,0.15,0.1,0,NA,0.6,0,0,1,0.35,1.5,0.95,1.83083333333333,1.14285714285714
"5445",1,0,2003,1,20,2,0,0,0,0,0.5,0.5,0,0,0,0,NA,0.2,0,0,2,0.5,2,2,0.333333333333333,2
"5447",1,0,2003,1,65,2,0,0,0,0.25,0.5,0.25,0,0,0,0,NA,0.3,0,0,1,0.5,2.5,2.5,0.583333333333333,2.5
"5448",1,0,2003,1,99,1,0,0.02,0.08,0.24,0.46,0.1,0.07,0.02,0.01,0,NA,0.8,0,0,1,0.46,2.5,2.62,1.52893333333333,2.65217391304348
"5449",1,0,2003,1,405,1,0,0,0,0.05,0.5,0.3,0.15,0,0,0,NA,0.4,0,0,1,0.5,2.5,1.95,0.730833333333333,2.1
"5450",1,0,2003,1,407,1,0,0,0,0.05,0.85,0.1,0,0,0,0,NA,0.3,0,0,1,0.85,2.5,2.45,0.230833333333335,2.47058823529412
"5451",1,0,2003,1,411,2,0,0,0,0.2,0.45,0.3,0.05,0,0,0,NA,0.4,0,0,1,0.45,2.5,2.3,0.743333333333332,2.33333333333333
"5452",1,0,2003,1,420,2,0,0,0,0.15,0.6,0.25,0,0,0,0,NA,0.3,0,0,1,0.6,2.5,2.4,0.473333333333334,2.41666666666667
"5453",1,0,2003,1,421,2,0,0,0.1,0.3,0.3,0.1,0.1,0.1,0,0,NA,0.6,0,0,2,0.3,3,2.4,2.17333333333333,2.66666666666667
"5454",1,0,2003,1,426,2,0,0,0.05,0.15,0.45,0.3,0.05,0,0,0,NA,0.5,0,0,1,0.45,2.5,2.35,0.910833333333333,2.33333333333333
"5455",1,0,2003,1,428,2,0,0,0,0.1,0.5,0.3,0.1,0,0,0,NA,0.4,0,0,1,0.5,2.5,2.1,0.723333333333335,2.2
"5457",1,0,2003,1,431,1,0,0,0,0.1,0.4,0.3,0.15,0.04,0.01,0,NA,0.6,0,0,1,0.4,2.5,1.84,1.16773333333333,2
"5458",1,0,2003,1,433,2,0,0,0,0.2,0.6,0.2,0,0,0,0,NA,0.3,0,0,1,0.6,2.5,2.5,0.483333333333333,2.5
"5459",1,0,2003,1,439,2,0,0,0.07,0.5,0.35,0.05,0.02,0.01,0,0,NA,0.6,0,0,1,0.5,3.5,3.02,0.812933333333334,3.14
"5460",1,0,2003,1,446,2,0,0,0,0.05,0.7,0.25,0,0,0,0,NA,0.3,0,0,1,0.7,2.5,2.3,0.343333333333333,2.35714285714286
"5461",1,0,2003,1,456,1,0,0,0,0.15,0.4,0.25,0.1,0.1,0,0,NA,0.5,0,0,1,0.4,2.5,1.9,1.42333333333333,2.125
"5462",1,0,2003,1,463,3,0,0.02,0.2,0.3,0.2,0.2,0.06,0.02,0,0,NA,0.7,0,0,1,0.3,3.5,2.88,1.83893333333333,3.06666666666667
"5463",1,0,2003,1,465,1,0,0,0.1,0.15,0.3,0.3,0.1,0.05,0,0,NA,0.6,0,0,2,0.3,2,2.2,1.69333333333333,2.16666666666667
"5464",1,0,2003,1,483,3,0,0,0.03,0.05,0.12,0.25,0.22,0.2,0.1,0.03,NA,0.8,0,1,1,0.25,1.5,0.74,2.78573333333333,0.772727272727273
"5465",1,0,2003,1,484,2,0,0,0,0.04,0.15,0.2,0.3,0.2,0.08,0.03,NA,0.7,0,1,1,0.3,0.5,0.64,2.24373333333333,0.633333333333333
"5466",1,0,2003,1,485,3,0,0,0,0,0.1,0.4,0.5,0,0,0,NA,0.3,0,0,1,0.5,0.5,1.1,0.523333333333333,1
"5468",1,0,2003,1,498,1,0,0,0.04,0.2,0.5,0.2,0.04,0.02,0,0,NA,0.6,0,0,1,0.5,2.5,2.44,0.979733333333335,2.48
"5471",1,0,2003,1,504,1,0.01,0.1,0.25,0.35,0.2,0.08,0.01,0,0,0,NA,0.7,1,0,1,0.35,3.5,3.59,1.42523333333333,3.6
"5473",1,0,2003,1,507,3,0,0,0,0.2,0.6,0.2,0,0,0,0,NA,0.3,0,0,1,0.6,2.5,2.5,0.483333333333333,2.5
"5474",1,0,2003,1,510,2,0,0,0.1,0.7,0.2,0,0,0,0,0,NA,0.3,0,0,1,0.7,3.5,3.4,0.373333333333335,3.42857142857143
"5475",1,0,2003,1,512,2,0,0,0,0.1,0.4,0.4,0.1,0,0,0,NA,0.4,0,0,2,0.4,2,2,0.733333333333333,2
"5476",1,0,2003,1,516,1,0,0,0.05,0.3,0.4,0.2,0.05,0,0,0,NA,0.5,0,0,1,0.4,2.5,2.6,0.973333333333333,2.625
"5477",1,0,2003,1,519,1,0,0.1,0.2,0.4,0.2,0.1,0,0,0,0,NA,0.5,0,0,1,0.4,3.5,3.5,1.28333333333333,3.5
"5478",1,0,2003,1,520,2,0,0,0,0.1,0.45,0.35,0.1,0,0,0,NA,0.4,0,0,1,0.45,2.5,2.05,0.730833333333334,2.11111111111111
"5479",1,0,2003,1,521,1,0,0,0.05,0.2,0.5,0.2,0.05,0,0,0,NA,0.5,0,0,1,0.5,2.5,2.5,0.883333333333336,2.5
"5480",1,0,2003,1,523,2,0.1,0.06,0.1,0.11,0.14,0.11,0.09,0.08,0.06,0.15,NA,1,1,1,1,0.15,-3.5,1.72,9.77493333333333,2.07142857142857
"5481",1,0,2003,1,524,2,0,0,0,0.1,0.6,0.15,0.1,0.05,0,0,NA,0.5,0,0,1,0.6,2.5,2.1,1.02333333333333,2.33333333333333
"5581",1,0,2004,1,20,2,0,0.1,0.5,0.4,0,0,0,0,0,0,NA,0.3,0,0,1,0.5,4.5,4.2,0.493333333333332,4.2
"5583",1,0,2004,1,99,1,0.02,0.06,0.4,0.31,0.06,0.05,0.04,0.03,0.02,0.01,NA,1,1,1,1,0.4,4.5,3.51,2.9999,3.93548387096774
"5584",1,0,2004,1,411,2,0.05,0.4,0.4,0.1,0.05,0,0,0,0,0,NA,0.5,1,0,2,0.4,5,4.8,0.893333333333334,4.875
"5585",1,0,2004,1,421,2,0,0.2,0.5,0.15,0.1,0.05,0,0,0,0,NA,0.5,0,0,1,0.5,4.5,4.2,1.19333333333334,4.4
"5587",1,0,2004,1,426,2,0.05,0.1,0.8,0.05,0,0,0,0,0,0,NA,0.4,1,0,1,0.8,4.5,4.65,0.410833333333336,4.5625
"5588",1,0,2004,1,428,2,0,0.2,0.5,0.2,0.1,0,0,0,0,0,NA,0.4,0,0,1,0.5,4.5,4.3,0.843333333333337,4.4
"5590",1,0,2004,1,431,1,0.05,0.15,0.4,0.25,0.1,0.05,0,0,0,0,NA,0.6,1,0,1,0.4,4.5,4.15,1.41083333333333,4.25
"5591",1,0,2004,1,433,2,0,0.25,0.65,0.1,0,0,0,0,0,0,NA,0.3,0,0,1,0.65,4.5,4.65,0.410833333333333,4.61538461538461
"5592",1,0,2004,1,446,2,0.06,0.15,0.4,0.2,0.1,0.05,0.01,0.01,0.01,0.01,NA,1,1,1,1,0.4,4.5,3.99,2.6799,4.275
"5593",1,0,2004,1,448,2,0.06,0.22,0.44,0.22,0.06,0,0,0,0,0,NA,0.5,1,0,1,0.44,4.5,4.5,1.00333333333333,4.5
"5594",1,0,2004,1,456,1,0.1,0.15,0.4,0.15,0.1,0.05,0.05,0,0,0,NA,0.7,1,0,1,0.4,4.5,4.15,2.31083333333332,4.375
"5595",1,0,2004,1,463,2,0.2,0.3,0.25,0.1,0.08,0.05,0.02,0,0,0,NA,0.7,1,0,1,0.3,5.5,4.71,2.32923333333333,5
"5596",1,0,2004,1,483,3,0.05,0.15,0.3,0.25,0.2,0.05,0,0,0,0,NA,0.6,1,0,1,0.3,4.5,3.95,1.63083333333333,4
"5597",1,0,2004,1,484,2,0,0.07,0.34,0.27,0.22,0.07,0.03,0,0,0,NA,0.6,0,0,1,0.34,4.5,3.53,1.47243333333333,3.66666666666667
"5598",1,0,2004,1,485,3,0,0,0.4,0.4,0.2,0,0,0,0,0,NA,0.3,0,0,2,0.4,4,3.7,0.643333333333331,3.75
"5601",1,0,2004,1,504,1,0.05,0.5,0.3,0.1,0.05,0,0,0,0,0,NA,0.5,1,0,1,0.5,5.5,4.9,0.923333333333339,5.1
"5603",1,0,2004,1,507,3,0,0.1,0.35,0.2,0.1,0.1,0.1,0.05,0,0,NA,0.7,0,0,1,0.35,4.5,3.25,2.97083333333333,3.75
"5604",1,0,2004,1,510,2,0.2,0.4,0.4,0,0,0,0,0,0,0,NA,0.3,1,0,2,0.4,5,5.3,0.643333333333334,5.25
"5605",1,0,2004,1,512,2,0,0.05,0.6,0.3,0.05,0,0,0,0,0,NA,0.4,0,0,1,0.6,4.5,4.15,0.510833333333334,4.25
"5606",1,0,2004,1,516,1,0.01,0.04,0.53,0.2,0.1,0.05,0.03,0.02,0.01,0.01,NA,1,1,1,1,0.53,4.5,3.65,2.4775,4.15094339622642
"5607",1,0,2004,1,518,2,0.05,0.2,0.5,0.2,0.05,0,0,0,0,0,NA,0.5,1,0,1,0.5,4.5,4.5,0.883333333333336,4.5
"5608",1,0,2004,1,519,1,0.1,0.3,0.4,0.15,0.05,0,0,0,0,0,NA,0.5,1,0,1,0.4,4.5,4.75,1.07083333333333,4.75
"5609",1,0,2004,1,520,2,0.05,0.16,0.42,0.21,0.11,0.05,0,0,0,0,NA,0.6,1,0,1,0.42,4.5,4.18,1.44093333333334,4.30952380952381
"5610",1,0,2004,1,521,1,0.05,0.2,0.6,0.1,0.05,0,0,0,0,0,NA,0.5,1,0,1,0.6,4.5,4.6,0.773333333333337,4.58333333333333
"5611",1,0,2004,1,523,2,0.14,0.14,0.17,0.2,0.15,0.08,0.04,0.02,0.02,0.04,NA,1,1,1,1,0.2,3.5,3.48,5.7096,3.75
"5612",1,0,2004,1,524,2,0.05,0.1,0.4,0.4,0.05,0,0,0,0,0,NA,0.5,1,0,2,0.4,4,4.2,0.893333333333334,4.125
"5709",1,0,2005,1,20,2,0,0.1,0.7,0.2,0,0,0,0,0,0,NA,0.3,0,0,1,0.7,4.5,4.4,0.373333333333331,4.42857142857143
"5710",1,0,2005,1,65,1,0,0,0,1,0,0,0,0,0,0,NA,0.1,0,0,1,1,3.5,3.5,0.0833333333333339,3.5
"5711",1,0,2005,1,99,1,0,0.01,0.07,0.85,0.04,0.02,0.01,0,0,0,NA,0.6,0,0,1,0.85,3.5,3.48,0.402933333333335,3.50588235294118
"5712",1,0,2005,1,411,2,0,0.05,0.35,0.45,0.1,0.05,0,0,0,0,NA,0.5,0,0,1,0.45,3.5,3.75,0.870833333333334,3.77777777777778
"5713",1,0,2005,1,420,2,0,0,0.2,0.65,0.15,0,0,0,0,0,NA,0.3,0,0,1,0.65,3.5,3.55,0.430833333333334,3.53846153846154
"5714",1,0,2005,1,421,2,0,0,0.1,0.4,0.4,0.1,0,0,0,0,NA,0.4,0,0,2,0.4,3,3,0.733333333333333,3
"5715",1,0,2005,1,426,2,0,0.05,0.15,0.6,0.15,0.05,0,0,0,0,NA,0.5,0,0,1,0.6,3.5,3.5,0.783333333333333,3.5
"5716",1,0,2005,1,428,2,0,0,0.3,0.4,0.25,0.05,0,0,0,0,NA,0.4,0,0,1,0.4,3.5,3.45,0.830833333333333,3.5
"5718",1,0,2005,1,431,1,0.01,0.01,0.1,0.5,0.25,0.1,0.02,0.01,0,0,NA,0.8,1,0,1,0.5,3.5,3.1,1.14333333333333,3.24
"5719",1,0,2005,1,433,2,0,0,0.3,0.6,0.1,0,0,0,0,0,NA,0.3,0,0,1,0.6,3.5,3.7,0.443333333333332,3.66666666666667
"5720",1,0,2005,1,446,2,0,0.05,0.2,0.6,0.1,0.05,0,0,0,0,NA,0.5,0,0,1,0.6,3.5,3.6,0.77333333333333,3.58333333333333
"5721",1,0,2005,1,448,2,0,0.2,0.45,0.15,0.1,0.1,0,0,0,0,NA,0.5,0,0,1,0.45,4.5,4.05,1.53083333333333,4.33333333333333
"5722",1,0,2005,1,456,1,0,0,0.05,0.6,0.3,0.05,0,0,0,0,NA,0.4,0,0,1,0.6,3.5,3.15,0.510833333333332,3.25
"5723",1,0,2005,1,463,2,0.01,0.1,0.35,0.28,0.15,0.08,0.02,0.01,0,0,NA,0.8,1,0,1,0.35,4.5,3.67,1.70443333333333,3.85714285714286
"5724",1,0,2005,1,472,2,0,0,0,0.95,0.05,0,0,0,0,0,NA,0.2,0,0,1,0.95,3.5,3.45,0.130833333333335,3.47368421052632
"5725",1,0,2005,1,483,3,0.05,0.15,0.22,0.25,0.15,0.1,0.05,0.03,0,0,NA,0.8,1,0,1,0.25,3.5,3.55,2.83083333333334,3.68
"5726",1,0,2005,1,484,2,0,0.03,0.24,0.42,0.24,0.04,0.02,0.01,0,0,NA,0.7,0,0,1,0.42,3.5,3.38,1.16893333333333,3.45238095238095
"5730",1,0,2005,1,504,1,0,0.1,0.8,0.1,0,0,0,0,0,0,NA,0.3,0,0,1,0.8,4.5,4.5,0.283333333333331,4.5
"5731",1,0,2005,1,506,2,0,0,0.15,0.5,0.25,0.07,0.03,0,0,0,NA,0.5,0,0,1,0.5,3.5,3.17,0.924433333333335,3.3
"5732",1,0,2005,1,507,3,0,0,0.12,0.7,0.13,0.05,0,0,0,0,NA,0.4,0,0,1,0.7,3.5,3.39,0.521233333333333,3.45714285714286
"5733",1,0,2005,1,508,2,0.04,0.15,0.3,0.3,0.15,0.04,0.01,0.01,0,0,NA,0.8,1,0,2,0.3,4,3.92,1.72693333333334,3.96666666666667
"5734",1,0,2005,1,510,2,0.05,0.1,0.4,0.4,0.05,0,0,0,0,0,NA,0.5,1,0,2,0.4,4,4.2,0.893333333333334,4.125
"5735",1,0,2005,1,512,2,0,0,0.15,0.35,0.4,0.1,0,0,0,0,NA,0.4,0,0,1,0.4,2.5,3.05,0.830833333333333,3
"5736",1,0,2005,1,516,1,0.01,0.05,0.2,0.45,0.2,0.05,0.024,0.01,0.005,0.001,NA,1,1,1,1,0.45,3.5,3.386,1.511004,3.46666666666667
"5737",1,0,2005,1,518,2,0,0,0.1,0.6,0.2,0.1,0,0,0,0,NA,0.4,0,0,1,0.6,3.5,3.2,0.69333333333333,3.33333333333333
"5738",1,0,2005,1,520,2,0,0,0.05,0.1,0.6,0.15,0.05,0.05,0,0,NA,0.6,0,0,1,0.6,2.5,2.3,1.14333333333333,2.41666666666667
"5739",1,0,2005,1,521,1,0,0,0.25,0.65,0.1,0,0,0,0,0,NA,0.3,0,0,1,0.65,3.5,3.65,0.410833333333334,3.61538461538462
"5740",1,0,2005,1,523,2,0.06,0.15,0.296,0.26,0.11,0.044,0.03,0.02,0.015,0.015,NA,1,1,1,1,0.296,4.5,3.728,3.46334933333334,4.02027027027027
"5741",1,0,2005,1,524,2,0,0.05,0.3,0.5,0.1,0.05,0,0,0,0,NA,0.5,0,0,1,0.5,3.5,3.7,0.843333333333332,3.7
"5742",1,0,2005,1,526,2,0,0,1,0,0,0,0,0,0,0,NA,0.1,0,0,1,1,4.5,4.5,0.0833333333333321,4.5
"5743",1,0,2005,1,527,2,0,0,0.05,0.75,0.2,0,0,0,0,0,NA,0.3,0,0,1,0.75,3.5,3.35,0.310833333333331,3.4
"5744",1,0,2005,1,528,1,0,0,0.15,0.7,0.15,0,0,0,0,0,NA,0.3,0,0,1,0.7,3.5,3.5,0.383333333333336,3.5
"5895",1,0,2006,1,20,2,0,0,0.5,0.5,0,0,0,0,0,0,NA,0.2,0,0,2,0.5,4,4,0.333333333333332,4
"5896",1,0,2006,1,65,1,0,0,0,0.5,0.5,0,0,0,0,0,NA,0.2,0,0,2,0.5,3,3,0.333333333333334,3
"5897",1,0,2006,1,99,1,0,0.03,0.06,0.65,0.1,0.07,0.05,0.03,0.01,0,NA,0.8,0,0,1,0.65,3.5,3.06,1.62973333333334,3.36923076923077
"5898",1,0,2006,1,405,1,0,0,0.1,0.6,0.15,0.1,0.05,0,0,0,NA,0.5,0,0,1,0.6,3.5,3.1,1.02333333333333,3.33333333333333
"5899",1,0,2006,1,407,2,0,0,0,0.9,0.1,0,0,0,0,0,NA,0.2,0,0,1,0.9,3.5,3.4,0.173333333333336,3.44444444444444
"5900",1,0,2006,1,411,2,0,0.05,0.1,0.6,0.2,0.05,0,0,0,0,NA,0.5,0,0,1,0.6,3.5,3.4,0.77333333333333,3.41666666666667
"5901",1,0,2006,1,420,2,0,0,0.15,0.5,0.3,0.05,0,0,0,0,NA,0.4,0,0,1,0.5,3.5,3.25,0.670833333333334,3.3
"5902",1,0,2006,1,421,2,0,0,0.05,0.4,0.45,0.05,0.05,0,0,0,NA,0.5,0,0,1,0.45,2.5,2.85,0.810833333333335,2.88888888888889
"5903",1,0,2006,1,422,1,0.02,0.03,0.05,0.15,0.3,0.25,0.1,0.05,0.03,0.02,NA,1,1,1,1,0.3,2.5,2.08,3.16026666666667,2.16666666666667
"5904",1,0,2006,1,424,1,0.01,0.02,0.14,0.7,0.08,0.02,0.01,0.01,0.01,0,NA,0.9,1,0,1,0.7,3.5,3.47,1.05243333333333,3.52857142857143
"5905",1,0,2006,1,426,2,0,0.05,0.15,0.5,0.25,0.05,0,0,0,0,NA,0.5,0,0,1,0.5,3.5,3.4,0.873333333333333,3.4
"5906",1,0,2006,1,428,2,0,0,0.15,0.5,0.25,0.1,0,0,0,0,NA,0.4,0,0,1,0.5,3.5,3.2,0.793333333333335,3.3
"5908",1,0,2006,1,431,1,0,0,0,0.55,0.4,0.05,0,0,0,0,NA,0.3,0,0,1,0.55,3.5,3,0.43333333333333,3.09090909090909
"5909",1,0,2006,1,433,2,0,0,0.2,0.6,0.2,0,0,0,0,0,NA,0.3,0,0,1,0.6,3.5,3.5,0.483333333333334,3.5
"5910",1,0,2006,1,446,2,0,0.05,0.2,0.5,0.2,0.05,0,0,0,0,NA,0.5,0,0,1,0.5,3.5,3.5,0.883333333333333,3.5
"5911",1,0,2006,1,448,2,0,0,0.25,0.4,0.2,0.15,0,0,0,0,NA,0.4,0,0,1,0.4,3.5,3.25,1.07083333333333,3.375
"5912",1,0,2006,1,456,1,0,0,0.05,0.8,0.15,0,0,0,0,0,NA,0.3,0,0,1,0.8,3.5,3.4,0.27333333333333,3.4375
"5913",1,0,2006,1,463,2,0,0.03,0.3,0.5,0.1,0.05,0.02,0,0,0,NA,0.6,0,0,1,0.5,3.5,3.6,0.973333333333334,3.66
"5914",1,0,2006,1,472,2,0,0,0,0.1,0.85,0.05,0,0,0,0,NA,0.3,0,0,1,0.85,2.5,2.55,0.230833333333331,2.52941176470588
"5915",1,0,2006,1,483,3,0.03,0.03,0.05,0.1,0.15,0.2,0.25,0.12,0.05,0.02,NA,1,1,1,1,0.25,0.5,1.53,4.00576666666667,1.3
"5916",1,0,2006,1,484,2,0,0,0.01,0.24,0.34,0.27,0.06,0.05,0.02,0.01,NA,0.8,0,1,1,0.34,2.5,2.08,1.8336,2.26470588235294
"5919",1,0,2006,1,504,1,0.025,0.15,0.5,0.275,0.05,0,0,0,0,0,NA,0.5,1,0,1,0.5,4.5,4.325,0.777708333333329,4.35
"5920",1,0,2006,1,506,2,0,0,0.1,0.45,0.3,0.1,0.05,0,0,0,NA,0.5,0,0,1,0.45,3.5,2.95,1.03083333333334,3.11111111111111
"5921",1,0,2006,1,507,3,0,0,0.05,0.6,0.2,0.1,0.05,0,0,0,NA,0.5,0,0,1,0.6,3.5,3,0.933333333333334,3.25
"5922",1,0,2006,1,508,2,0,0.02,0.08,0.4,0.4,0.08,0.02,0,0,0,NA,0.6,0,0,2,0.4,3,3,0.893333333333333,3
"5923",1,0,2006,1,510,2,0,0.05,0.05,0.4,0.4,0.1,0,0,0,0,NA,0.5,0,0,2,0.4,3,3.05,0.930833333333331,3
"5924",1,0,2006,1,512,2,0,0,0.05,0.35,0.45,0.1,0.05,0,0,0,NA,0.5,0,0,1,0.45,2.5,2.75,0.870833333333334,2.77777777777778
"5925",1,0,2006,1,516,1,0,0,0.1,0.45,0.35,0.1,0,0,0,0,NA,0.4,0,0,1,0.45,3.5,3.05,0.730833333333335,3.11111111111111
"5926",1,0,2006,1,518,2,0,0,0.1,0.4,0.4,0.1,0,0,0,0,NA,0.4,0,0,2,0.4,3,3,0.733333333333333,3
"5928",1,0,2006,1,521,1,0,0,0.15,0.65,0.15,0.05,0,0,0,0,NA,0.4,0,0,1,0.65,3.5,3.4,0.573333333333334,3.46153846153846
"5929",1,0,2006,1,524,2,0,0,0.2,0.4,0.3,0.1,0,0,0,0,NA,0.4,0,0,1,0.4,3.5,3.2,0.893333333333331,3.25
"5930",1,0,2006,1,526,2,0,0,0.1,0.6,0.3,0,0,0,0,0,NA,0.3,0,0,1,0.6,3.5,3.3,0.443333333333332,3.33333333333333
"5931",1,0,2006,1,527,2,0,0,0.1,0.4,0.3,0.2,0,0,0,0,NA,0.4,0,0,1,0.4,3.5,2.9,0.923333333333332,3
"5932",1,0,2006,1,528,1,0,0,0,0.7,0.3,0,0,0,0,0,NA,0.2,0,0,1,0.7,3.5,3.2,0.293333333333335,3.28571428571429
"5934",1,0,2006,1,532,2,0,0,0.1,0.8,0.1,0,0,0,0,0,NA,0.3,0,0,1,0.8,3.5,3.5,0.28333333333333,3.5
"5936",1,0,2006,1,535,1,0,0,0.45,0.55,0,0,0,0,0,0,NA,0.2,0,0,1,0.55,3.5,3.95,0.330833333333333,3.90909090909091
"5939",1,0,2006,1,541,1,0,0,0.25,0.45,0.25,0.05,0,0,0,0,NA,0.4,0,0,1,0.45,3.5,3.4,0.773333333333332,3.44444444444444
"5940",1,0,2006,1,542,1,0,0.02,0.18,0.6,0.15,0.03,0.01,0.01,0,0,NA,0.7,0,0,1,0.6,3.5,3.44,0.859733333333336,3.5
"5944",1,0,2006,1,546,1,0,0.01,0.15,0.6,0.2,0.02,0.01,0.01,0,0,NA,0.7,0,0,1,0.6,3.5,3.36,0.783733333333336,3.43333333333333
"5945",1,0,2006,1,548,2,0,0,0.05,0.45,0.45,0.04,0.01,0,0,0,NA,0.5,0,0,2,0.45,3,2.99,0.573233333333336,3
"5946",1,0,2006,1,549,1,0,0,0,0.5,0.5,0,0,0,0,0,NA,0.2,0,0,2,0.5,3,3,0.333333333333334,3
"6103",1,0,2007,1,20,2,0,0,0,0.6,0.4,0,0,0,0,0,NA,0.2,0,0,1,0.6,3.5,3.1,0.323333333333332,3.16666666666667
"6104",1,0,2007,1,84,1,0,0,0,0.05,0.8,0.15,0,0,0,0,NA,0.3,0,0,1,0.8,2.5,2.4,0.273333333333333,2.4375
"6105",1,0,2007,1,405,1,0,0,0.05,0.2,0.4,0.2,0.1,0.05,0,0,NA,0.6,0,0,1,0.4,2.5,2.25,1.47083333333333,2.375
"6106",1,0,2007,1,407,2,0,0,0,0.1,0.8,0.1,0,0,0,0,NA,0.3,0,0,1,0.8,2.5,2.5,0.283333333333333,2.5
"6107",1,0,2007,1,411,2,0,0.02,0.15,0.25,0.4,0.1,0.07,0.01,0,0,NA,0.7,0,0,1,0.4,2.5,2.84,1.46773333333333,2.8
"6108",1,0,2007,1,420,2,0,0,0,0.25,0.65,0.1,0,0,0,0,NA,0.3,0,0,1,0.65,2.5,2.65,0.410833333333333,2.61538461538462
"6109",1,0,2007,1,421,2,0,0,0.02,0.22,0.5,0.22,0.02,0.02,0,0,NA,0.6,0,0,1,0.5,2.5,2.44,0.859733333333335,2.48
"6110",1,0,2007,1,424,1,0.01,0.02,0.08,0.75,0.08,0.02,0.01,0.01,0.01,0.01,NA,1,1,1,1,0.75,3.5,3.34,1.4644,3.48
"6111",1,0,2007,1,426,2,0,0,0.05,0.4,0.4,0.1,0.05,0,0,0,NA,0.5,0,0,2,0.4,3,2.8,0.893333333333335,2.875
"6113",1,0,2007,1,431,1,0,0,0,0.2,0.6,0.2,0,0,0,0,NA,0.3,0,0,1,0.6,2.5,2.5,0.483333333333333,2.5
"6114",1,0,2007,1,433,2,0,0,0,0.2,0.7,0.1,0,0,0,0,NA,0.3,0,0,1,0.7,2.5,2.6,0.373333333333332,2.57142857142857
"6115",1,0,2007,1,446,2,0,0,0.05,0.1,0.7,0.1,0.05,0,0,0,NA,0.5,0,0,1,0.7,2.5,2.5,0.683333333333333,2.5
"6116",1,0,2007,1,448,2,0,0,0.1,0.35,0.3,0.2,0.05,0,0,0,NA,0.5,0,0,1,0.35,3.5,2.75,1.17083333333334,2.83333333333333
"6117",1,0,2007,1,456,1,0,0,0,0.1,0.7,0.2,0,0,0,0,NA,0.3,0,0,1,0.7,2.5,2.4,0.373333333333331,2.42857142857143
"6118",1,0,2007,1,463,2,0,0,0.02,0.34,0.48,0.11,0.04,0.01,0,0,NA,0.6,0,0,1,0.48,2.5,2.66,0.837733333333331,2.70833333333333
"6119",1,0,2007,1,472,2,0,0,0,0.1,0.8,0.1,0,0,0,0,NA,0.3,0,0,1,0.8,2.5,2.5,0.283333333333333,2.5
"6120",1,0,2007,1,483,3,0.02,0.03,0.08,0.25,0.17,0.15,0.12,0.08,0.05,0.05,NA,1,1,1,1,0.25,3.5,1.95,4.92416666666667,2.29411764705882
"6121",1,0,2007,1,484,2,0,0,0.02,0.12,0.33,0.21,0.15,0.11,0.05,0.01,NA,0.8,0,1,1,0.33,2.5,1.56,2.3664,1.85714285714286
"6123",1,0,2007,1,504,1,0,0,0.15,0.6,0.25,0,0,0,0,0,NA,0.3,0,0,1,0.6,3.5,3.4,0.473333333333334,3.41666666666667
"6124",1,0,2007,1,507,3,0,0,0,0.5,0.45,0.05,0,0,0,0,NA,0.3,0,0,1,0.5,3.5,2.95,0.430833333333334,3
"6125",1,0,2007,1,508,2,0,0,0,0.25,0.63,0.1,0.02,0,0,0,NA,0.4,0,0,1,0.63,2.5,2.61,0.501233333333334,2.6031746031746
"6126",1,0,2007,1,510,2,0,0,0.05,0.3,0.3,0.3,0.05,0,0,0,NA,0.5,0,0,3,0.3,2.5,2.5,1.08333333333333,2.5
"6127",1,0,2007,1,512,2,0,0,0,0.5,0.4,0.1,0,0,0,0,NA,0.3,0,0,1,0.5,3.5,2.9,0.523333333333332,3
"6128",1,0,2007,1,516,1,0,0,0.03,0.17,0.5,0.22,0.08,0,0,0,NA,0.5,0,0,1,0.5,2.5,2.35,0.890833333333332,2.4
"6129",1,0,2007,1,518,2,0,0.02,0.05,0.13,0.6,0.13,0.05,0.02,0,0,NA,0.7,0,0,1,0.6,2.5,2.5,1.10333333333333,2.5
"6130",1,0,2007,1,519,1,0,0,0.05,0.15,0.4,0.3,0.08,0.02,0,0,NA,0.6,0,0,1,0.4,2.5,2.23,1.16043333333333,2.25
"6131",1,0,2007,1,520,2,0,0,0,0.2,0.7,0.1,0,0,0,0,NA,0.3,0,0,1,0.7,2.5,2.6,0.373333333333332,2.57142857142857
"6132",1,0,2007,1,521,1,0,0,0,0.2,0.4,0.3,0.1,0,0,0,NA,0.4,0,0,1,0.4,2.5,2.2,0.893333333333333,2.25
"6133",1,0,2007,1,524,2,0,0,0.2,0.4,0.3,0.1,0,0,0,0,NA,0.4,0,0,1,0.4,3.5,3.2,0.893333333333331,3.25
"6134",1,0,2007,1,526,2,0,0,0,0.2,0.8,0,0,0,0,0,NA,0.2,0,0,1,0.8,2.5,2.7,0.243333333333332,2.625
"6135",1,0,2007,1,527,2,0,0,0,0.22,0.56,0.22,0,0,0,0,NA,0.3,0,0,1,0.56,2.5,2.5,0.523333333333333,2.5
"6136",1,0,2007,1,528,1,0,0,0,0.2,0.6,0.2,0,0,0,0,NA,0.3,0,0,1,0.6,2.5,2.5,0.483333333333333,2.5
"6137",1,0,2007,1,532,2,0,0,0,0.4,0.5,0.1,0,0,0,0,NA,0.3,0,0,1,0.5,2.5,2.8,0.493333333333331,2.8
"6139",1,0,2007,1,535,1,0,0,0,0.25,0.75,0,0,0,0,0,NA,0.2,0,0,1,0.75,2.5,2.75,0.270833333333334,2.66666666666667
"6142",1,0,2007,1,540,2,0,0,0,0,0.7,0.2,0.05,0.05,0,0,NA,0.4,0,0,1,0.7,2.5,2.05,0.730833333333333,2.28571428571429
"6143",1,0,2007,1,541,1,0,0,0.05,0.4,0.4,0.15,0,0,0,0,NA,0.4,0,0,2,0.4,3,2.85,0.710833333333333,2.875
"6144",1,0,2007,1,542,1,0.01,0.04,0.2,0.4,0.3,0.04,0.01,0,0,0,NA,0.7,1,0,1,0.4,3.5,3.4,1.07333333333334,3.375
"6147",1,0,2007,1,546,1,0,0.02,0.08,0.37,0.37,0.08,0.05,0.02,0.01,0,NA,0.8,0,0,2,0.37,3,2.81,1.47723333333333,2.91891891891892
"6148",1,0,2007,1,548,2,0,0,0,0.2,0.7,0.1,0,0,0,0,NA,0.3,0,0,1,0.7,2.5,2.6,0.373333333333332,2.57142857142857
"6149",1,0,2007,1,549,1,0,0,0,0.4,0.55,0.05,0,0,0,0,NA,0.3,0,0,1,0.55,2.5,2.85,0.410833333333333,2.81818181818182
"6302",1,0,2008,1,99,1,0,0,0.03,0.14,0.58,0.15,0.05,0.03,0.01,0.01,NA,0.8,0,1,1,0.58,2.5,2.26,1.4324,2.43103448275862
"6303",1,0,2008,1,407,2,0,0,0,0,0.1,0.65,0.25,0,0,0,NA,0.3,0,0,1,0.65,1.5,1.35,0.410833333333334,1.38461538461538
"6305",1,0,2008,1,420,2,0,0,0,0,0,0.65,0.3,0.05,0,0,NA,0.3,0,0,1,0.65,1.5,1.1,0.423333333333333,1.23076923076923
"6306",1,0,2008,1,421,2,0,0,0,0.08,0.4,0.4,0.08,0.04,0,0,NA,0.5,0,0,2,0.4,2,1.9,0.883333333333333,1.95
"6307",1,0,2008,1,422,1,0,0,0.05,0.05,0.1,0.1,0.2,0.25,0.15,0.1,NA,0.8,0,1,1,0.25,-0.5,0.2,4.26,0
"6309",1,0,2008,1,424,1,0.01,0.01,0.01,0.02,0.15,0.6,0.14,0.04,0.01,0.01,NA,1,1,1,1,0.6,1.5,1.51,1.4599,1.5
"6310",1,0,2008,1,426,2,0,0,0,0.05,0.15,0.25,0.35,0.15,0.05,0,NA,0.6,0,0,1,0.35,0.5,0.95,1.53083333333333,0.857142857142857
"6311",1,0,2008,1,431,1,0,0,0,0,0.3,0.3,0.3,0.1,0,0,NA,0.4,0,0,3,0.3,1.5,1.3,1.04333333333333,1.33333333333333
"6312",1,0,2008,1,446,2,0,0,0,0.05,0.4,0.5,0.05,0,0,0,NA,0.4,0,0,1,0.5,1.5,1.95,0.530833333333333,1.9
"6313",1,0,2008,1,448,2,0,0,0,0.1,0.35,0.35,0.1,0.1,0,0,NA,0.5,0,0,2,0.35,2,1.75,1.27083333333333,1.85714285714286
"6314",1,0,2008,1,463,2,0,0,0.05,0.18,0.45,0.22,0.08,0.02,0,0,NA,0.6,0,0,1,0.45,2.5,2.34,1.15773333333333,2.4
"6315",1,0,2008,1,472,2,0,0,0,0,0,0,0.55,0.4,0.05,0,NA,0.3,0,0,1,0.55,0.5,0,0.433333333333333,0.0909090909090909
"6316",1,0,2008,1,483,3,0,0,0,0.05,0.08,0.2,0.3,0.2,0.12,0.05,NA,0.7,0,1,1,0.3,0.5,0.37,2.54976666666667,0.433333333333333
"6317",1,0,2008,1,484,2,0,0,0,0.02,0.07,0.34,0.28,0.18,0.08,0.03,NA,0.7,0,1,1,0.34,1.5,0.58,1.87693333333333,0.75
"6318",1,0,2008,1,498,1,0,0,0,0,0.05,0.2,0.6,0.1,0.05,0,NA,0.5,0,0,1,0.6,0.5,0.6,0.773333333333333,0.583333333333333
"6319",1,0,2008,1,504,1,0,0,0,0.2,0.5,0.3,0,0,0,0,NA,0.3,0,0,1,0.5,2.5,2.4,0.573333333333331,2.4
"6320",1,0,2008,1,507,3,0,0,0,0,0.25,0.65,0.1,0,0,0,NA,0.3,0,0,1,0.65,1.5,1.65,0.410833333333333,1.61538461538462
"6321",1,0,2008,1,508,2,0,0,0,0.1,0.55,0.25,0.1,0,0,0,NA,0.4,0,0,1,0.55,2.5,2.15,0.710833333333333,2.27272727272727
"6322",1,0,2008,1,510,2,0,0,0,0,0.4,0.4,0.2,0,0,0,NA,0.3,0,0,2,0.4,2,1.7,0.643333333333333,1.75
"6323",1,0,2008,1,512,2,0,0,0,0.05,0.7,0.25,0,0,0,0,NA,0.3,0,0,1,0.7,2.5,2.3,0.343333333333333,2.35714285714286
"6324",1,0,2008,1,516,1,0,0,0,0,0.2,0.4,0.3,0.1,0,0,NA,0.4,0,0,1,0.4,1.5,1.2,0.893333333333334,1.25
"6325",1,0,2008,1,518,2,0,0,0,0.05,0.25,0.4,0.25,0.05,0,0,NA,0.5,0,0,1,0.4,1.5,1.5,0.983333333333333,1.5
"6326",1,0,2008,1,519,1,0,0.05,0.1,0.2,0.3,0.2,0.1,0.05,0,0,NA,0.7,0,0,1,0.3,2.5,2.5,2.18333333333333,2.5
"6327",1,0,2008,1,520,2,0,0,0,0,0.9,0.1,0,0,0,0,NA,0.2,0,0,1,0.9,2.5,2.4,0.173333333333334,2.44444444444444
"6329",1,0,2008,1,523,2,0.137,0.098,0.196,0.215,0.157,0.078,0.049,0.021,0.02,0.029,NA,1,1,1,1,0.215,3.5,3.456,5.08873066666666,3.67906976744186
"6330",1,0,2008,1,524,2,0,0,0,0,0.4,0.3,0.2,0.1,0,0,NA,0.4,0,0,1,0.4,2.5,1.5,1.08333333333333,1.66666666666667
"6331",1,0,2008,1,526,2,0,0,0,0,0.1,0.65,0.2,0.05,0,0,NA,0.4,0,0,1,0.65,1.5,1.3,0.543333333333333,1.38461538461538
"6332",1,0,2008,1,527,2,0,0,0,0,0,0.6,0.4,0,0,0,NA,0.2,0,0,1,0.6,1.5,1.1,0.323333333333334,1.16666666666667
"6333",1,0,2008,1,528,1,0,0,0,0,0.3,0.5,0.2,0,0,0,NA,0.3,0,0,1,0.5,1.5,1.6,0.573333333333333,1.6
"6335",1,0,2008,1,532,2,0,0,0,0,0.4,0.5,0.1,0,0,0,NA,0.3,0,0,1,0.5,1.5,1.8,0.493333333333333,1.8
"6336",1,0,2008,1,535,1,0,0,0,0,0.1,0.7,0.2,0,0,0,NA,0.3,0,0,1,0.7,1.5,1.4,0.373333333333334,1.42857142857143
"6338",1,0,2008,1,540,2,0,0,0,0,0.7,0.2,0.05,0.05,0,0,NA,0.4,0,0,1,0.7,2.5,2.05,0.730833333333333,2.28571428571429
"6339",1,0,2008,1,541,1,0,0,0,0.1,0.3,0.4,0.2,0,0,0,NA,0.4,0,0,1,0.4,1.5,1.8,0.893333333333332,1.75
"6340",1,0,2008,1,542,1,0,0,0,0.05,0.55,0.35,0.05,0,0,0,NA,0.4,0,0,1,0.55,2.5,2.1,0.523333333333333,2.18181818181818
"6342",1,0,2008,1,546,1,0,0,0,0.02,0.1,0.25,0.25,0.2,0.15,0.03,NA,0.7,0,1,2,0.25,1,0.39,2.20123333333333,0.48
"6343",1,0,2008,1,548,2,0,0,0,0.2,0.6,0.1,0.1,0,0,0,NA,0.4,0,0,1,0.6,2.5,2.4,0.773333333333333,2.5
"6344",1,0,2008,1,549,1,0,0,0,0,0.25,0.7,0.05,0,0,0,NA,0.3,0,0,1,0.7,1.5,1.7,0.343333333333334,1.64285714285714
"6350",1,0,2008,1,555,1,0,0,0,0.1,0.3,0.35,0.25,0,0,0,NA,0.4,0,0,1,0.35,1.5,1.75,0.970833333333333,1.71428571428571
"6351",1,0,2008,1,557,1,0.001,0.005,0.01,0.03,0.23,0.35,0.25,0.07,0.04,0.014,NA,1,1,1,1,0.35,1.5,1.265,1.82244166666667,1.36
"6500",1,0,2009,1,411,2,0,0,0,0,0,0,0,0.3,0.4,0.3,NA,0.3,0,1,1,0.4,-1.5,-1.8,1.69333333333333,-1.5
"6501",1,0,2009,1,420,2,0,0,0,0,0,0,0.05,0.7,0.25,0,NA,0.3,0,0,1,0.7,-0.5,-0.7,0.343333333333333,-0.642857142857143
"6502",1,0,2009,1,421,2,0,0,0,0,0,0,0.05,0.5,0.4,0.05,NA,0.4,0,1,1,0.5,-0.5,-1,0.766666666666667,-0.9
"6503",1,0,2009,1,423,2,0,0,0.01,0.01,0.01,0.15,0.34,0.33,0.1,0.05,NA,0.8,0,1,1,0.34,0.5,0.00999999999999993,1.84656666666667,0.0588235294117646
"6504",1,0,2009,1,424,1,0.01,0.01,0.01,0.01,0.1,0.58,0.2,0.06,0.01,0.01,NA,1,1,1,1,0.58,1.5,1.34,1.4844,1.37931034482759
"6505",1,0,2009,1,426,2,0,0,0,0,0.05,0.1,0.1,0.15,0.3,0.3,NA,0.6,0,1,2,0.3,-3,-1.25,3.67083333333333,-1.33333333333333
"6507",1,0,2009,1,431,1,0,0,0,0,0,0,0.1,0.2,0.3,0.4,NA,0.4,0,1,1,0.4,-3.5,-1.9,2.39,-1.66666666666667
"6508",1,0,2009,1,446,2,0,0,0,0,0,0,0,0.1,0.4,0.5,NA,0.3,0,1,1,0.5,-3.5,-2.4,1.70666666666667,-3.5
"6509",1,0,2009,1,463,2,0,0,0,0,0,0,0,0.05,0.5,0.45,NA,0.3,0,1,1,0.5,-1.5,-2.35,1.51083333333333,-1.9
"6510",1,0,2009,1,472,2,0,0,0,0,0,0,0,0.1,0.65,0.25,NA,0.3,0,1,1,0.65,-1.5,-1.9,1.19,-1.61538461538462
"6511",1,0,2009,1,483,3,0,0,0,0,0,0.1,0.15,0.15,0.2,0.4,NA,0.5,0,1,1,0.4,-3.5,-1.55,3.5975,-1.5
"6513",1,0,2009,1,504,1,0,0,0,0,0,0,0.3,0.5,0.2,0,NA,0.3,0,0,1,0.5,-0.5,-0.4,0.573333333333333,-0.4
"6515",1,0,2009,1,507,3,0,0,0,0,0,0,0,0.03,0.75,0.22,NA,0.3,0,1,1,0.75,-1.5,-1.91,0.9719,-1.62666666666667
"6516",1,0,2009,1,508,2,0,0,0,0,0,0,0.05,0.1,0.3,0.55,NA,0.4,0,1,1,0.55,-3.5,-2.4,2.14,-3.5
"6517",1,0,2009,1,510,2,0,0,0,0,0,0,0.5,0.25,0.25,0,NA,0.3,0,0,1,0.5,0.5,-0.25,0.770833333333333,0
"6518",1,0,2009,1,512,2,0,0,0,0,0,0,0.1,0.4,0.4,0.1,NA,0.4,0,1,2,0.4,-1,-1.1,1.19,-1
"6519",1,0,2009,1,516,1,0,0,0,0,0,0,0,0.15,0.25,0.6,NA,0.3,0,1,1,0.6,-3.5,-2.55,1.93083333333333,-3.5
"6520",1,0,2009,1,518,2,0,0,0,0,0,0,0,0.1,0.2,0.7,NA,0.3,0,1,1,0.7,-3.5,-2.8,1.76,-3.5
"6521",1,0,2009,1,520,2,0,0,0,0,0,0,0,0.25,0.5,0.25,NA,0.3,0,1,1,0.5,-1.5,-1.75,1.4375,-1.5
"6522",1,0,2009,1,524,2,0,0,0,0,0,0.05,0.15,0.2,0.2,0.4,NA,0.5,0,1,1,0.4,-3.5,-1.65,3.1775,-1.5
"6523",1,0,2009,1,526,2,0,0,0,0,0,0,0.05,0.2,0.5,0.25,NA,0.4,0,1,1,0.5,-1.5,-1.7,1.61,-1.5
"6524",1,0,2009,1,528,1,0,0,0,0,0,0,0,0.2,0.5,0.3,NA,0.3,0,1,1,0.5,-1.5,-1.9,1.52333333333333,-1.6
"6525",1,0,2009,1,532,2,0,0,0,0,0,0,0.1,0.3,0.6,0,NA,0.3,0,0,1,0.6,-1.5,-1,0.533333333333334,-1.16666666666667
"6526",1,0,2009,1,535,1,0,0,0,0,0,0,0,0.05,0.35,0.6,NA,0.3,0,1,1,0.6,-3.5,-2.65,1.61083333333333,-3.5
"6528",1,0,2009,1,540,2,0,0,0,0,0,0,0,0.1,0.4,0.5,NA,0.3,0,1,1,0.5,-3.5,-2.4,1.70666666666667,-3.5
"6529",1,0,2009,1,541,1,0,0,0,0,0,0,0,0.1,0.5,0.4,NA,0.3,0,1,1,0.5,-1.5,-2.2,1.56,-1.8
"6530",1,0,2009,1,542,1,0,0,0,0,0.05,0.05,0.1,0.2,0.2,0.4,NA,0.6,0,1,1,0.4,-3.5,-1.55,3.7975,-1.5
"6533",1,0,2009,1,546,1,0,0.005,0.005,0.01,0.03,0.05,0.1,0.2,0.25,0.35,NA,0.9,0,1,1,0.35,-3.5,-1.415,3.91444166666667,-1.4
"6534",1,0,2009,1,548,2,0,0,0,0,0,0,0,0.05,0.35,0.6,NA,0.3,0,1,1,0.6,-3.5,-2.65,1.61083333333333,-3.5
"6535",1,0,2009,1,549,1,0,0,0,0,0,0,0,0.1,0.65,0.25,NA,0.3,0,1,1,0.65,-1.5,-1.9,1.19,-1.61538461538462
"6537",1,0,2009,1,553,2,0,0,0,0,0,0,0.05,0.1,0.5,0.35,NA,0.4,0,1,1,0.5,-1.5,-2,1.76666666666667,-1.7
"6538",1,0,2009,1,555,1,0,0,0,0,0,0,0,0.2,0.3,0.5,NA,0.3,0,1,1,0.5,-3.5,-2.3,1.97666666666667,-3.5
"6540",1,0,2009,1,557,1,0,0,0,0,0,0.005,0.08,0.31,0.42,0.185,NA,0.5,0,1,1,0.42,-1.5,-1.385,1.60844166666667,-1.25
"6541",1,0,2009,1,559,1,0,0,0,0,0.02,0.03,0.1,0.15,0.3,0.4,NA,0.6,0,1,1,0.4,-3.5,-1.78,3.0116,-1.66666666666667
"6542",1,0,2009,1,560,2,0,0,0,0,0,0.05,0.05,0.4,0.45,0.05,NA,0.5,0,1,1,0.45,-1.5,-0.95,1.06416666666667,-1
"6669",1,1,2010,1,407,2,0,0,0,0.55,0.45,0,0,0,0,0,0,0.181818181818182,0,0,1,0.55,3.5,3.05,0.330833333333333,3.09090909090909
"6670",1,1,2010,1,411,2,0,0,0.1,0.45,0.35,0.1,0,0,0,0,0,0.363636363636364,0,0,1,0.45,3.5,3.05,0.730833333333335,3.11111111111111
"6671",1,1,2010,1,420,2,0,0,0,0.6,0.4,0,0,0,0,0,0,0.181818181818182,0,0,1,0.6,3.5,3.1,0.323333333333332,3.16666666666667
"6672",1,1,2010,1,421,2,0,0,0,0.25,0.5,0.2,0.05,0,0,0,0,0.363636363636364,0,0,1,0.5,2.5,2.45,0.730833333333335,2.5
"6673",1,1,2010,1,422,1,0.1,0.15,0.2,0.2,0.15,0.1,0.05,0.02,0.01,0.01,0.01,1,1,1,2,0.2,4,3.535,4.27710833333333,3.75
"6675",1,1,2010,1,426,2,0,0,0.1,0.2,0.35,0.25,0.1,0,0,0,0,0.454545454545455,0,0,1,0.35,2.5,2.45,1.33083333333333,2.42857142857143
"6677",1,1,2010,1,446,2,0.04,0.03,0.16,0.4,0.3,0.04,0.03,0,0,0,0,0.636363636363636,1,0,1,0.4,3.5,3.37,1.43643333333333,3.325
"6678",1,1,2010,1,456,1,0,0,0.02,0.1,0.7,0.15,0.03,0,0,0,0,0.454545454545455,0,0,1,0.7,2.5,2.43,0.528433333333331,2.45714285714286
"6679",1,1,2010,1,463,2,0,0.02,0.13,0.4,0.35,0.08,0.02,0,0,0,0,0.545454545454545,0,0,1,0.4,3.5,3.1,0.983333333333333,3.125
"6680",1,1,2010,1,472,2,0,0,0.2,0.7,0.1,0,0,0,0,0,0,0.272727272727273,0,0,1,0.7,3.5,3.6,0.373333333333335,3.57142857142857
"6681",1,1,2010,1,483,3,0.05,0.1,0.2,0.45,0.2,0,0,0,0,0,0,0.454545454545455,1,0,1,0.45,3.5,3.85,1.21083333333334,3.66666666666667
"6682",1,1,2010,1,484,2,0,0,0.02,0.1,0.38,0.28,0.12,0.08,0.02,0,0,0.636363636363636,0,0,1,0.38,2.5,1.8,1.57333333333333,2
"6683",1,1,2010,1,498,1,0,0,0,0.5,0.5,0,0,0,0,0,0,0.181818181818182,0,0,2,0.5,3,3,0.333333333333334,3
"6685",1,1,2010,1,506,2,0,0,0.15,0.4,0.35,0.1,0,0,0,0,0,0.363636363636364,0,0,1,0.4,3.5,3.1,0.823333333333331,3.125
"6686",1,1,2010,1,507,3,0,0,0.11,0.3,0.32,0.2,0.07,0,0,0,0,0.454545454545455,0,0,1,0.32,2.5,2.68,1.27093333333333,2.71875
"6687",1,1,2010,1,508,2,0.01,0.02,0.05,0.4,0.42,0.07,0.02,0.01,0,0,0,0.727272727272727,1,0,1,0.42,2.5,2.96,1.05173333333333,2.95238095238095
"6688",1,1,2010,1,510,2,0.1,0.1,0.1,0.5,0.2,0,0,0,0,0,0,0.454545454545455,1,0,1,0.5,3.5,3.9,1.52333333333333,3.6
"6689",1,1,2010,1,516,1,0,0,0.05,0.15,0.6,0.15,0.05,0,0,0,0,0.454545454545455,0,0,1,0.6,2.5,2.5,0.783333333333332,2.5
"6690",1,1,2010,1,518,2,0,0,0,0.15,0.7,0.15,0,0,0,0,0,0.272727272727273,0,0,1,0.7,2.5,2.5,0.383333333333333,2.5
"6691",1,1,2010,1,520,2,0,0,0,0.5,0.5,0,0,0,0,0,0,0.181818181818182,0,0,2,0.5,3,3,0.333333333333334,3
"6692",1,1,2010,1,524,2,0,0,0,0.1,0.4,0.3,0.1,0.1,0,0,0,0.454545454545455,0,0,1,0.4,2.5,1.8,1.29333333333333,2
"6693",1,1,2010,1,527,2,0,0,0,0.55,0.45,0,0,0,0,0,0,0.181818181818182,0,0,1,0.55,3.5,3.05,0.330833333333333,3.09090909090909
"6694",1,1,2010,1,528,1,0,0,0,0.4,0.4,0.2,0,0,0,0,0,0.272727272727273,0,0,2,0.4,3,2.7,0.643333333333333,2.75
"6695",1,1,2010,1,532,2,0,0,0,0.3,0.5,0.2,0,0,0,0,0,0.272727272727273,0,0,1,0.5,2.5,2.6,0.573333333333336,2.6
"6696",1,1,2010,1,535,1,0,0,0.4,0.55,0.05,0,0,0,0,0,0,0.272727272727273,0,0,1,0.55,3.5,3.85,0.410833333333331,3.81818181818182
"6698",1,1,2010,1,540,2,0,0,0,0.15,0.75,0.1,0,0,0,0,0,0.272727272727273,0,0,1,0.75,2.5,2.55,0.330833333333334,2.53333333333333
"6699",1,1,2010,1,541,1,0,0,0.3,0.5,0.2,0,0,0,0,0,0,0.272727272727273,0,0,1,0.5,3.5,3.6,0.573333333333334,3.6
"6700",1,1,2010,1,542,1,0.05,0.1,0.2,0.4,0.15,0.08,0.02,0,0,0,0,0.636363636363636,1,0,1,0.4,3.5,3.68,1.75093333333334,3.625
"6701",1,1,2010,1,546,1,0.05,0.1,0.2,0.3,0.15,0.1,0.05,0.03,0.02,0,0,0.818181818181818,1,0,1,0.3,3.5,3.33,3.08443333333333,3.5
"6702",1,1,2010,1,548,2,0,0,0,0.15,0.75,0.1,0,0,0,0,0,0.272727272727273,0,0,1,0.75,2.5,2.55,0.330833333333334,2.53333333333333
"6703",1,1,2010,1,549,1,0,0,0,0.6,0.4,0,0,0,0,0,0,0.181818181818182,0,0,1,0.6,3.5,3.1,0.323333333333332,3.16666666666667
"6704",1,1,2010,1,553,2,0,0,0.05,0.2,0.45,0.25,0.05,0,0,0,0,0.454545454545455,0,0,1,0.45,2.5,2.45,0.930833333333335,2.44444444444444
"6705",1,1,2010,1,555,1,0,0,0,0.1,0.8,0.1,0,0,0,0,0,0.272727272727273,0,0,1,0.8,2.5,2.5,0.283333333333333,2.5
"6706",1,1,2010,1,556,1,0,0.05,0.1,0.25,0.4,0.15,0.05,0,0,0,0,0.545454545454545,0,0,1,0.4,2.5,2.85,1.41083333333333,2.75
"6707",1,1,2010,1,557,1,0,0,0,0,0,0,0,0.01,0.01,0.97,0.01,0.363636363636364,0,1,1,0.97,-2.5,-2.485,0.158108333333333,-2.49484536082474
"6709",1,1,2010,1,560,2,0,0,0.1,0.3,0.4,0.15,0.05,0,0,0,0,0.454545454545455,0,0,1,0.4,2.5,2.75,1.07083333333333,2.75
"6834",1,1,2011,1,407,2,0,0,0,0.2,0.65,0.15,0,0,0,0,0,0.272727272727273,0,0,1,0.65,2.5,2.55,0.430833333333331,2.53846153846154
"6835",1,1,2011,1,411,2,0.05,0.1,0.25,0.25,0.2,0.1,0.05,0,0,0,0,0.636363636363636,1,0,2,0.25,4,3.55,2.23083333333334,3.6
"6836",1,1,2011,1,420,2,0,0,0.05,0.65,0.3,0,0,0,0,0,0,0.272727272727273,0,0,1,0.65,3.5,3.25,0.370833333333335,3.30769230769231
"6837",1,1,2011,1,422,1,0.1,0.17,0.25,0.18,0.1,0.05,0.05,0.05,0.02,0.02,0.01,1,1,1,1,0.25,4.5,3.545,5.24630833333333,4.08
"6838",1,1,2011,1,423,2,0.00245035927295366,0.00299310986109975,0.0229411893820425,0.117634206057655,0.282346039417261,0.328510768211577,0.185385243170222,0.0506374326300855,0.00666765106724321,0.000421030787128031,1.29701427314322e-05,1,1,1,1,0.328510768211577,1.5,1.80224373492221,1.51556028096442,1.78193988465288
"6839",1,1,2011,1,424,1,0.01,0.02,0.1,0.6,0.2,0.02,0.01,0.01,0.01,0.01,0.01,1,1,1,1,0.6,3.5,3.175,1.95270833333334,3.38333333333333
"6840",1,1,2011,1,426,2,0,0.1,0.25,0.35,0.25,0.05,0,0,0,0,0,0.454545454545455,0,0,1,0.35,3.5,3.6,1.17333333333333,3.57142857142857
"6842",1,1,2011,1,431,1,0,0,0.3,0.5,0.2,0,0,0,0,0,0,0.272727272727273,0,0,1,0.5,3.5,3.6,0.573333333333334,3.6
"6843",1,1,2011,1,446,2,0,0.06,0.15,0.4,0.3,0.09,0,0,0,0,0,0.454545454545455,0,0,1,0.4,3.5,3.29,1.08923333333333,3.275
"6844",1,1,2011,1,456,1,0,0.08,0.2,0.6,0.1,0.02,0,0,0,0,0,0.454545454545455,0,0,1,0.6,3.5,3.72,0.734933333333332,3.63333333333333
"6845",1,1,2011,1,483,3,0.05,0.2,0.4,0.2,0.1,0.05,0,0,0,0,0,0.545454545454545,1,0,1,0.4,4.5,4.25,1.47083333333332,4.375
"6846",1,1,2011,1,484,2,0,0,0.01,0.28,0.36,0.26,0.08,0.01,0,0,0,0.545454545454545,0,0,1,0.36,2.5,2.35,1.05083333333333,2.41666666666667
"6847",1,1,2011,1,498,1,0,0,0,0.5,0.5,0,0,0,0,0,0,0.181818181818182,0,0,2,0.5,3,3,0.333333333333334,3
"6848",1,1,2011,1,504,1,0,0,0.1,0.3,0.45,0.1,0.05,0,0,0,0,0.454545454545455,0,0,1,0.45,2.5,2.8,0.993333333333335,2.77777777777778
"6850",1,1,2011,1,507,3,0,0,0.05,0.57,0.33,0.05,0,0,0,0,0,0.363636363636364,0,0,1,0.57,3.5,3.12,0.518933333333333,3.21052631578947
"6851",1,1,2011,1,508,2,0,0.05,0.1,0.35,0.35,0.1,0.05,0,0,0,0,0.545454545454545,0,0,2,0.35,3,3,1.33333333333333,3
"6852",1,1,2011,1,510,2,0,0,0.2,0.6,0.2,0,0,0,0,0,0,0.272727272727273,0,0,1,0.6,3.5,3.5,0.483333333333334,3.5
"6853",1,1,2011,1,516,1,0,0.02,0.08,0.5,0.3,0.08,0.02,0,0,0,0,0.545454545454545,0,0,1,0.5,3.5,3.1,0.883333333333336,3.2
"6854",1,1,2011,1,518,2,0,0,0,0.05,0.9,0.05,0,0,0,0,0,0.272727272727273,0,0,1,0.9,2.5,2.5,0.183333333333333,2.5
"6855",1,1,2011,1,520,2,0,0,0,0.7,0.3,0,0,0,0,0,0,0.181818181818182,0,0,1,0.7,3.5,3.2,0.293333333333335,3.28571428571429
"6856",1,1,2011,1,524,2,0,0,0.2,0.4,0.3,0.1,0,0,0,0,0,0.363636363636364,0,0,1,0.4,3.5,3.2,0.893333333333331,3.25
"6857",1,1,2011,1,526,2,0,0,0.2,0.6,0.2,0,0,0,0,0,0,0.272727272727273,0,0,1,0.6,3.5,3.5,0.483333333333334,3.5
"6858",1,1,2011,1,527,2,0,0,0,0.4,0.6,0,0,0,0,0,0,0.181818181818182,0,0,1,0.6,2.5,2.9,0.323333333333332,2.83333333333333
"6859",1,1,2011,1,528,1,0,0,0.2,0.5,0.3,0,0,0,0,0,0,0.272727272727273,0,0,1,0.5,3.5,3.4,0.573333333333336,3.4
"6860",1,1,2011,1,532,2,0,0,0.2,0.6,0.2,0,0,0,0,0,0,0.272727272727273,0,0,1,0.6,3.5,3.5,0.483333333333334,3.5
"6861",1,1,2011,1,535,1,0,0,0.4,0.55,0.05,0,0,0,0,0,0,0.272727272727273,0,0,1,0.55,3.5,3.85,0.410833333333331,3.81818181818182
"6863",1,1,2011,1,540,2,0,0,0.05,0.5,0.4,0.05,0,0,0,0,0,0.363636363636364,0,0,1,0.5,3.5,3.05,0.530833333333332,3.1
"6864",1,1,2011,1,542,1,0.01,0.03,0.25,0.3,0.2,0.1,0.05,0.03,0.01,0.01,0.01,1,1,1,1,0.3,3.5,2.985,2.98310833333333,3.3
"6865",1,1,2011,1,548,2,0,0,0,0.75,0.25,0,0,0,0,0,0,0.181818181818182,0,0,1,0.75,3.5,3.25,0.270833333333334,3.33333333333333
"6866",1,1,2011,1,549,1,0,0,0.2,0.7,0.1,0,0,0,0,0,0,0.272727272727273,0,0,1,0.7,3.5,3.6,0.373333333333335,3.57142857142857
"6867",1,1,2011,1,553,2,0,0.005,0.1,0.4,0.35,0.12,0.02,0.005,0,0,0,0.636363636363636,0,0,1,0.4,3.5,2.94,0.97973333333333,3.0125
"6868",1,1,2011,1,555,1,0,0,0.1,0.7,0.2,0,0,0,0,0,0,0.272727272727273,0,0,1,0.7,3.5,3.4,0.373333333333335,3.42857142857143
"6869",1,1,2011,1,556,1,0.025,0.075,0.15,0.225,0.25,0.15,0.1,0.025,0,0,0,0.727272727272727,1,0,1,0.25,2.5,2.925,2.57770833333333,2.9
"6870",1,1,2011,1,557,1,0.01,0.02,0.05,0.5,0.25,0.1,0.05,0.02,0,0,0,0.727272727272727,1,0,1,0.5,3.5,2.94,1.40973333333334,3.16
"6872",1,1,2011,1,560,2,0,0.05,0.1,0.45,0.3,0.05,0.05,0,0,0,0,0.545454545454545,0,0,1,0.45,3.5,3.15,1.21083333333334,3.22222222222222
"6874",1,1,2011,1,563,2,0.002,0.0208,0.1448,0.4208,0.3192,0.0796,0.0124,4e-04,0,0,0,0.727272727272727,1,0,1,0.4208,3.5,3.1752,0.979438293333329,3.21007604562738
"6876",1,1,2011,1,568,2,0.02,0.08,0.3,0.33,0.15,0.05,0.05,0.02,0,0,0,0.727272727272727,1,0,1,0.33,3.5,3.54,2.00173333333333,3.6969696969697
"7003",1,1,2012,1,407,2,0,0,0,0.15,0.75,0.1,0,0,0,0,0,0.272727272727273,0,0,1,0.75,2.5,2.55,0.330833333333334,2.53333333333333
"7004",1,1,2012,1,420,2,0,0,0,0.1,0.6,0.3,0,0,0,0,0,0.272727272727273,0,0,1,0.6,2.5,2.3,0.443333333333334,2.33333333333333
"7005",1,1,2012,1,421,2,0,0,0.03,0.42,0.4,0.1,0.05,0,0,0,0,0.454545454545455,0,0,1,0.42,3.5,2.78,0.844933333333335,2.875
"7006",1,1,2012,1,422,1,0.05,0.13,0.17,0.28,0.14,0.07,0.06,0.04,0.03,0.02,0.01,1,1,1,1,0.28,3.5,3.115,4.71010833333334,3.46428571428571
"7007",1,1,2012,1,423,2,0.01,0.046,0.123,0.217,0.255,0.2,0.104,0.036,0.008,0.001,0,0.909090909090909,1,0,1,0.255,2.5,2.588,2.45158933333333,2.5921568627451
"7008",1,1,2012,1,424,1,0,0.01,0.05,0.2,0.35,0.25,0.1,0.01,0.01,0.01,0.01,0.909090909090909,0,1,1,0.35,2.5,2.195,2.05530833333333,2.31428571428571
"7009",1,1,2012,1,426,2,0,0,0,0.075,0.85,0.075,0,0,0,0,0,0.272727272727273,0,0,1,0.85,2.5,2.5,0.233333333333333,2.5
"7011",1,1,2012,1,431,1,0,0,0.05,0.2,0.4,0.25,0.05,0.05,0,0,0,0.545454545454545,0,0,1,0.4,2.5,2.3,1.34333333333333,2.375
"7012",1,1,2012,1,433,2,0,0,0,0.15,0.7,0.15,0,0,0,0,0,0.272727272727273,0,0,1,0.7,2.5,2.5,0.383333333333333,2.5
"7013",1,1,2012,1,446,2,0,0,0.06,0.12,0.4,0.33,0.09,0,0,0,0,0.454545454545455,0,0,1,0.4,2.5,2.23,1.06043333333333,2.2
"7014",1,1,2012,1,456,1,0,0,0.01,0.12,0.6,0.13,0.13,0.01,0,0,0,0.545454545454545,0,0,1,0.6,2.5,2.22,0.904933333333334,2.38333333333333
"7015",1,1,2012,1,472,2,0,0,0,0.1,0.8,0.1,0,0,0,0,0,0.272727272727273,0,0,1,0.8,2.5,2.5,0.283333333333333,2.5
"7016",1,1,2012,1,483,3,0,0,0.05,0.3,0.4,0.2,0.05,0,0,0,0,0.454545454545455,0,0,1,0.4,2.5,2.6,0.973333333333333,2.625
"7017",1,1,2012,1,484,2,0,0.01,0.06,0.12,0.33,0.22,0.12,0.08,0.05,0.01,0,0.818181818181818,0,0,1,0.33,2.5,1.82,2.54093333333333,2.06060606060606
"7018",1,1,2012,1,504,1,0,0.05,0.15,0.3,0.35,0.1,0.05,0,0,0,0,0.545454545454545,0,0,1,0.35,2.5,3.05,1.43083333333333,3
"7020",1,1,2012,1,507,3,0,0,0,0.03,0.72,0.2,0.05,0,0,0,0,0.363636363636364,0,0,1,0.72,2.5,2.23,0.440433333333333,2.34722222222222
"7021",1,1,2012,1,508,2,0,0,0.05,0.2,0.5,0.2,0.05,0,0,0,0,0.454545454545455,0,0,1,0.5,2.5,2.5,0.883333333333336,2.5
"7022",1,1,2012,1,510,2,0,0,0,0.2,0.7,0.1,0,0,0,0,0,0.272727272727273,0,0,1,0.7,2.5,2.6,0.373333333333332,2.57142857142857
"7023",1,1,2012,1,518,2,0,0,0,0,0.15,0.8,0.05,0,0,0,0,0.272727272727273,0,0,1,0.8,1.5,1.6,0.273333333333333,1.5625
"7024",1,1,2012,1,520,2,0,0,0,0.1,0.65,0.25,0,0,0,0,0,0.272727272727273,0,0,1,0.65,2.5,2.35,0.410833333333332,2.38461538461538
"7025",1,1,2012,1,523,2,0.073,0.061,0.121,0.243,0.253,0.126,0.063,0.032,0.016,0.008,0.004,1,1,1,1,0.253,2.5,2.982,3.58700933333333,2.99209486166008
"7026",1,1,2012,1,524,2,0,0,0.1,0.25,0.4,0.2,0.05,0,0,0,0,0.454545454545455,0,0,1,0.4,2.5,2.65,1.11083333333333,2.625
"7027",1,1,2012,1,527,2,0,0,0,0.25,0.5,0.25,0,0,0,0,0,0.272727272727273,0,0,1,0.5,2.5,2.5,0.583333333333333,2.5
"7028",1,1,2012,1,532,2,0,0,0,0,0.6,0.3,0.1,0,0,0,0,0.272727272727273,0,0,1,0.6,2.5,2,0.533333333333333,2.16666666666667
"7029",1,1,2012,1,535,1,0,0,0,0.17,0.6,0.2,0.02,0.01,0,0,0,0.454545454545455,0,0,1,0.6,2.5,2.4,0.613333333333332,2.45
"7030",1,1,2012,1,540,2,0,0,0,0.1,0.6,0.25,0.05,0,0,0,0,0.363636363636364,0,0,1,0.6,2.5,2.25,0.570833333333333,2.33333333333333
"7031",1,1,2012,1,542,1,0,0,0,0.25,0.4,0.2,0.15,0,0,0,0,0.363636363636364,0,0,1,0.4,2.5,2.25,1.07083333333333,2.375
"7032",1,1,2012,1,546,1,0,0,0.05,0.15,0.3,0.2,0.15,0.1,0.05,0,0,0.636363636363636,0,0,1,0.3,2.5,1.75,2.37083333333333,2
"7033",1,1,2012,1,548,2,0,0,0,0,0.15,0.8,0.05,0,0,0,0,0.272727272727273,0,0,1,0.8,1.5,1.6,0.273333333333333,1.5625
"7034",1,1,2012,1,549,1,0,0,0,0.05,0.55,0.35,0.05,0,0,0,0,0.363636363636364,0,0,1,0.55,2.5,2.1,0.523333333333333,2.18181818181818
"7036",1,1,2012,1,553,2,0.0025,0.01,0.145,0.21,0.4,0.19,0.028,0.005,0.006,0.0025,0.001,1,1,1,1,0.4,2.5,2.736,1.49563733333333,2.66875
"7038",1,1,2012,1,555,1,0,0,0,0.2,0.6,0.2,0,0,0,0,0,0.272727272727273,0,0,1,0.6,2.5,2.5,0.483333333333333,2.5
"7039",1,1,2012,1,556,1,0,0,0.1,0.3,0.35,0.2,0.05,0,0,0,0,0.454545454545455,0,0,1,0.35,2.5,2.7,1.14333333333334,2.71428571428571
"7040",1,1,2012,1,557,1,0,0,0,0.05,0.55,0.3,0.1,0,0,0,0,0.363636363636364,0,0,1,0.55,2.5,2.05,0.630833333333333,2.18181818181818
"7042",1,1,2012,1,559,1,0,0,0.01,0.08,0.3,0.5,0.1,0.01,0,0,0,0.545454545454545,0,0,1,0.5,1.5,1.87,0.796433333333332,1.78
"7044",1,1,2012,1,563,2,0.0036,0.01,0.0532,0.23,0.4068,0.2324,0.0556,0.0072,0.0012,0,0,0.818181818181818,1,0,1,0.4068,2.5,2.5108,1.21241669333333,2.50049164208456
"7046",1,1,2012,1,568,2,0,0,0,0.3,0.4,0.2,0.1,0,0,0,0,0.363636363636364,0,0,1,0.4,2.5,2.4,0.973333333333336,2.5
"7174",1,1,2013,1,407,2,0,0,0,0,0.25,0.6,0.15,0,0,0,0,0.272727272727273,0,0,1,0.6,1.5,1.6,0.473333333333334,1.58333333333333
"7176",1,1,2013,1,420,2,0,0,0,0.05,0.7,0.25,0,0,0,0,0,0.272727272727273,0,0,1,0.7,2.5,2.3,0.343333333333333,2.35714285714286
"7177",1,1,2013,1,421,2,0,0,0,0.1,0.5,0.25,0.1,0.05,0,0,0,0.454545454545455,0,0,1,0.5,2.5,2,1.03333333333333,2.2
"7178",1,1,2013,1,422,1,0,0,0.05,0.15,0.5,0.2,0.05,0.05,0,0,0,0.545454545454545,0,0,1,0.5,2.5,2.3,1.24333333333333,2.4
"7180",1,1,2013,1,426,2,0,0,0,0.2,0.45,0.35,0,0,0,0,0,0.272727272727273,0,0,1,0.45,2.5,2.35,0.610833333333332,2.33333333333333
"7181",1,1,2013,1,428,2,0,0,0,0.1,0.5,0,0,0.25,0.15,0,0,0.363636363636364,0,0,1,0.5,2.5,1.25,3.27083333333333,2.2
"7182",1,1,2013,1,433,2,0,0,0,0.1,0.8,0.1,0,0,0,0,0,0.272727272727273,0,0,1,0.8,2.5,2.5,0.283333333333333,2.5
"7183",1,1,2013,1,446,2,0,0,0.025,0.075,0.4,0.4,0.075,0.025,0,0,0,0.545454545454545,0,0,2,0.4,2,2,0.933333333333334,2
"7184",1,1,2013,1,456,1,0,0,0,0.05,0.25,0.45,0.2,0.05,0,0,0,0.454545454545455,0,0,1,0.45,1.5,1.55,0.930833333333333,1.55555555555556
"7185",1,1,2013,1,463,2,0,0,0.04,0.06,0.1,0.6,0.1,0.06,0.04,0,0,0.636363636363636,0,0,1,0.6,1.5,1.5,1.48333333333333,1.5
"7186",1,1,2013,1,472,2,0,0,0,0,0.6,0.4,0,0,0,0,0,0.181818181818182,0,0,1,0.6,2.5,2.1,0.323333333333333,2.16666666666667
"7187",1,1,2013,1,484,2,0,0,0.01,0.06,0.25,0.28,0.25,0.09,0.05,0.01,0,0.727272727272727,0,0,1,0.28,1.5,1.28,1.83493333333333,1.35714285714286
"7188",1,1,2013,1,504,1,0,0.02,0.19,0.3,0.3,0.1,0.05,0.02,0.01,0.01,0,0.818181818181818,0,0,2,0.3,3,2.89,2.06123333333333,3.03333333333333
"7190",1,1,2013,1,507,3,0,0,0,0.05,0.45,0.4,0.1,0,0,0,0,0.363636363636364,0,0,1,0.45,2.5,1.95,0.630833333333333,2
"7191",1,1,2013,1,510,2,0,0,0,0.2,0.8,0,0,0,0,0,0,0.181818181818182,0,0,1,0.8,2.5,2.7,0.243333333333332,2.625
"7192",1,1,2013,1,512,2,0,0,0,0.1,0.2,0.5,0.1,0.1,0,0,0,0.454545454545455,0,0,1,0.5,1.5,1.6,1.17333333333333,1.6
"7193",1,1,2013,1,518,2,0,0,0,0.05,0.9,0.05,0,0,0,0,0,0.272727272727273,0,0,1,0.9,2.5,2.5,0.183333333333333,2.5
"7194",1,1,2013,1,520,2,0,0,0,0,0.4,0.6,0,0,0,0,0,0.181818181818182,0,0,1,0.6,1.5,1.9,0.323333333333334,1.83333333333333
"7195",1,1,2013,1,524,2,0,0,0,0.15,0.3,0.4,0.15,0,0,0,0,0.363636363636364,0,0,1,0.4,1.5,1.95,0.930833333333334,1.875
"7196",1,1,2013,1,526,2,0,0,0,0.1,0.6,0.3,0,0,0,0,0,0.272727272727273,0,0,1,0.6,2.5,2.3,0.443333333333334,2.33333333333333
"7197",1,1,2013,1,527,2,0,0,0,0,0.4,0.6,0,0,0,0,0,0.181818181818182,0,0,1,0.6,1.5,1.9,0.323333333333334,1.83333333333333
"7198",1,1,2013,1,528,1,0,0,0,0.1,0.3,0.4,0.2,0,0,0,0,0.363636363636364,0,0,1,0.4,1.5,1.8,0.893333333333332,1.75
"7199",1,1,2013,1,532,2,0,0,0,0,0.4,0.55,0.05,0,0,0,0,0.272727272727273,0,0,1,0.55,1.5,1.85,0.410833333333333,1.81818181818182
"7200",1,1,2013,1,535,1,0,0,0,0.05,0.5,0.4,0.05,0,0,0,0,0.363636363636364,0,0,1,0.5,2.5,2.05,0.530833333333332,2.1
"7201",1,1,2013,1,540,2,0,0,0,0.1,0.6,0.25,0.05,0,0,0,0,0.363636363636364,0,0,1,0.6,2.5,2.25,0.570833333333333,2.33333333333333
"7202",1,1,2013,1,542,1,0,0,0.05,0.1,0.4,0.25,0.1,0.1,0,0,0,0.545454545454545,0,0,1,0.4,2.5,1.95,1.63083333333333,2.125
"7203",1,1,2013,1,546,1,0,0,0.05,0.15,0.2,0.25,0.2,0.1,0.05,0,0,0.636363636363636,0,0,1,0.25,1.5,1.6,2.37333333333333,1.6
"7204",1,1,2013,1,548,2,0,0,0,0,0.15,0.75,0.1,0,0,0,0,0.272727272727273,0,0,1,0.75,1.5,1.55,0.330833333333333,1.53333333333333
"7205",1,1,2013,1,549,1,0,0,0,0,0.45,0.45,0.1,0,0,0,0,0.272727272727273,0,0,2,0.45,2,1.85,0.510833333333333,1.88888888888889
"7207",1,1,2013,1,553,2,0.0065,0.02,0.1,0.2,0.4,0.2,0.06,0.001,0.0075,0.004,0.001,1,1,1,1,0.4,2.5,2.6065,1.66749108333334,2.56625
"7208",1,1,2013,1,555,1,0,0,0,0.2,0.5,0.3,0,0,0,0,0,0.272727272727273,0,0,1,0.5,2.5,2.4,0.573333333333331,2.4
"7209",1,1,2013,1,556,1,0,0,0.025,0.125,0.4,0.3,0.125,0.025,0,0,0,0.545454545454545,0,0,1,0.4,2.5,2.05,1.13083333333333,2.125
"7210",1,1,2013,1,557,1,0,0,0,0.01,0.4,0.45,0.1,0.04,0,0,0,0.454545454545455,0,0,1,0.45,1.5,1.74,0.725733333333333,1.8
"7211",1,1,2013,1,559,1,0,0,0.03,0.33,0.43,0.15,0.05,0.01,0,0,0,0.545454545454545,0,0,1,0.43,2.5,2.61,0.961233333333332,2.67441860465116
"7212",1,1,2013,1,560,2,0,0,0,0.175,0.65,0.0875,0.0875,0,0,0,0,0.363636363636364,0,0,1,0.65,2.5,2.4125,0.688177083333333,2.5
"7213",1,1,2013,1,563,2,4e-04,0.006,0.0352,0.1732,0.4336,0.2716,0.07,0.0092,8e-04,0,0,0.818181818181818,1,0,1,0.4336,2.5,2.3208,1.07282069333333,2.34225092250922
"7215",1,1,2013,1,568,2,0,0,0.05,0.25,0.3,0.2,0.1,0.05,0.05,0,0,0.636363636363636,0,0,1,0.3,2.5,2.1,2.22333333333333,2.33333333333333
"7217",1,1,2013,1,570,2,0,0.01,0.04,0.14,0.28,0.3,0.17,0.04,0.02,0,0,0.727272727272727,0,0,1,0.3,1.5,1.91,1.78523333333333,1.9
"7219",1,1,2013,1,572,1,0,0,0,0.05,0.45,0.45,0.05,0,0,0,0,0.363636363636364,0,0,2,0.45,2,2,0.533333333333333,2
"7345",1,1,2014,1,407,2,0,0,0,0.05,0.85,0.1,0,0,0,0,0,0.272727272727273,0,0,1,0.85,2.5,2.45,0.230833333333335,2.47058823529412
"7347",1,1,2014,1,420,2,0,0,0,0.5,0.5,0,0,0,0,0,0,0.181818181818182,0,0,2,0.5,3,3,0.333333333333334,3
"7348",1,1,2014,1,421,2,0,0.05,0.1,0.6,0.2,0.05,0,0,0,0,0,0.454545454545455,0,0,1,0.6,3.5,3.4,0.77333333333333,3.41666666666667
"7349",1,1,2014,1,422,1,0,0,0,0.19,0.285,0.285,0.19,0.05,0,0,0,0.454545454545455,0,0,2,0.285,2,1.875,1.37770833333333,1.91228070175439
"7350",1,1,2014,1,424,1,0,0.01,0.13,0.6,0.2,0.03,0.01,0.01,0.01,0,0,0.727272727272727,0,0,1,0.6,3.5,3.27,1.02043333333333,3.4
"7351",1,1,2014,1,426,2,0,0,0,0.3,0.5,0.15,0.05,0,0,0,0,0.363636363636364,0,0,1,0.5,2.5,2.55,0.730833333333334,2.6
"7352",1,1,2014,1,428,2,0,0,0.1,0.4,0.25,0.1,0.05,0.05,0.05,0,0,0.636363636363636,0,0,1,0.4,3.5,2.55,2.43083333333334,3
"7354",1,1,2014,1,433,2,0,0,0.05,0.75,0.15,0.05,0,0,0,0,0,0.363636363636364,0,0,1,0.75,3.5,3.3,0.44333333333333,3.4
"7355",1,1,2014,1,446,2,0,0,0.1,0.4,0.4,0.1,0,0,0,0,0,0.363636363636364,0,0,2,0.4,3,3,0.733333333333333,3
"7356",1,1,2014,1,463,2,0,0,0.3,0.5,0.2,0,0,0,0,0,0,0.272727272727273,0,0,1,0.5,3.5,3.6,0.573333333333334,3.6
"7357",1,1,2014,1,484,2,0,0.01,0.04,0.23,0.38,0.25,0.07,0.015,0.005,0,0,0.727272727272727,0,0,1,0.38,2.5,2.385,1.29510833333333,2.42105263157895
"7358",1,1,2014,1,504,1,0,0.05,0.15,0.3,0.3,0.15,0.02,0.01,0.01,0.01,0,0.818181818181818,0,0,2,0.3,3,2.94,1.96973333333333,3
"7359",1,1,2014,1,506,2,0,0,0,0.3,0.65,0.05,0,0,0,0,0,0.272727272727273,0,0,1,0.65,2.5,2.75,0.370833333333333,2.69230769230769
"7360",1,1,2014,1,507,3,0,0,0,0.25,0.65,0.1,0,0,0,0,0,0.272727272727273,0,0,1,0.65,2.5,2.65,0.410833333333333,2.61538461538462
"7361",1,1,2014,1,508,2,0,0,0.03,0.35,0.4,0.2,0.02,0,0,0,0,0.454545454545455,0,0,1,0.4,2.5,2.67,0.804433333333334,2.7
"7362",1,1,2014,1,510,2,0,0,0,0.2,0.7,0.1,0,0,0,0,0,0.272727272727273,0,0,1,0.7,2.5,2.6,0.373333333333332,2.57142857142857
"7363",1,1,2014,1,512,2,0,0,0.05,0.25,0.5,0.1,0.1,0,0,0,0,0.454545454545455,0,0,1,0.5,2.5,2.55,1.03083333333333,2.6
"7364",1,1,2014,1,520,2,0,0,0,0.5,0.5,0,0,0,0,0,0,0.181818181818182,0,0,2,0.5,3,3,0.333333333333334,3
"7365",1,1,2014,1,524,2,0,0,0,0.25,0.45,0.2,0.1,0,0,0,0,0.363636363636364,0,0,1,0.45,2.5,2.35,0.910833333333335,2.44444444444444
"7366",1,1,2014,1,527,2,0,0,0,0.6,0.4,0,0,0,0,0,0,0.181818181818182,0,0,1,0.6,3.5,3.1,0.323333333333332,3.16666666666667
"7367",1,1,2014,1,532,2,0,0,0,0.4,0.6,0,0,0,0,0,0,0.181818181818182,0,0,1,0.6,2.5,2.9,0.323333333333332,2.83333333333333
"7368",1,1,2014,1,535,1,0,0,0,0,0.6,0.4,0,0,0,0,0,0.181818181818182,0,0,1,0.6,2.5,2.1,0.323333333333333,2.16666666666667
"7369",1,1,2014,1,542,1,0,0,0.05,0.25,0.4,0.15,0.1,0.05,0,0,0,0.545454545454545,0,0,1,0.4,2.5,2.35,1.51083333333333,2.5
"7370",1,1,2014,1,546,1,0,0.02,0.05,0.2,0.35,0.25,0.1,0.03,0,0,0,0.636363636363636,0,0,1,0.35,2.5,2.32,1.55093333333333,2.34285714285714
"7371",1,1,2014,1,548,2,0,0,0,0,0.5,0.5,0,0,0,0,0,0.181818181818182,0,0,2,0.5,2,2,0.333333333333333,2
"7372",1,1,2014,1,549,1,0,0,0,0.15,0.8,0.05,0,0,0,0,0,0.272727272727273,0,0,1,0.8,2.5,2.6,0.273333333333332,2.5625
"7373",1,1,2014,1,553,2,0.002,0.013,0.06,0.23,0.43,0.2,0.05,0.015,0,0,0,0.727272727272727,1,0,1,0.43,2.5,2.552,1.23462933333334,2.54651162790698
"7374",1,1,2014,1,555,1,0,0,0,0.2,0.8,0,0,0,0,0,0,0.181818181818182,0,0,1,0.8,2.5,2.7,0.243333333333332,2.625
"7375",1,1,2014,1,556,1,0,0,0.025,0.15,0.325,0.325,0.15,0.025,0,0,0,0.545454545454545,0,0,2,0.325,2,2,1.23333333333333,2
"7376",1,1,2014,1,557,1,0,0,0,0.2,0.65,0.15,0,0,0,0,0,0.272727272727273,0,0,1,0.65,2.5,2.55,0.430833333333331,2.53846153846154
"7377",1,1,2014,1,559,1,0,0.05,0.15,0.35,0.25,0.1,0.05,0.05,0,0,0,0.636363636363636,0,0,1,0.35,3.5,2.95,2.03083333333334,3.14285714285714
"7378",1,1,2014,1,563,2,0.0084,0.0436,0.228,0.4376,0.2304,0.0436,0.0072,0.0012,0,0,0,0.727272727272727,1,0,1,0.4376,3.5,3.4964,1.05012037333333,3.49725776965265
"7379",1,1,2014,1,568,2,0,0.05,0.1,0.35,0.25,0.15,0.1,0,0,0,0,0.545454545454545,0,0,1,0.35,3.5,2.85,1.71083333333333,3
"7381",1,1,2014,1,570,2,0.017003017003017,0.0764140764140764,0.208114208114208,0.308729308729309,0.24966824966825,0.11001711001711,0.0263730263730264,0.00263900263900264,0.000179000179000179,6.000006000006e-06,0.000857000857000857,1,1,1,1,0.308729308729309,3.5,3.34521534521534,1.74860223320372,3.35714331986953
"7383",1,1,2014,1,572,1,0,0,0.02,0.41,0.38,0.14,0.03,0.02,0,0,0,0.545454545454545,0,0,1,0.41,3.5,2.69,0.977233333333332,2.81578947368421
"7384",1,1,2014,1,574,2,0.02,0.06,0.15,0.3,0.25,0.1,0.07,0.04,0.01,0,0,0.818181818181818,1,0,1,0.3,3.5,2.96,2.53173333333334,3.1
"7386",1,1,2014,1,576,2,0,0.04,0.09,0.17,0.22,0.21,0.15,0.07,0.03,0.02,0,0.818181818181818,0,0,1,0.22,2.5,2.03,3.17243333333333,2.09090909090909
"7387",1,1,2014,1,577,2,0.027,0.073,0.146,0.218,0.228,0.179,0.088,0.032,0.008,0.001,0,0.909090909090909,1,0,1,0.228,2.5,2.849,2.82453233333333,2.84210526315789
"7388",1,1,2014,1,578,2,0,0,0.05,0.35,0.35,0.1,0.1,0.05,0,0,0,0.545454545454545,0,0,2,0.35,3,2.5,1.58333333333333,2.71428571428571
"7389",1,1,2014,1,579,1,0,0,0.05,0.35,0.3,0.25,0.05,0,0,0,0,0.454545454545455,0,0,1,0.35,3.5,2.6,1.07333333333333,2.66666666666667
"7518",1,1,2015,1,421,2,0,0,0.05,0.45,0.35,0.1,0.05,0,0,0,0,0.454545454545455,0,0,1,0.45,3.5,2.85,0.910833333333334,3
"7519",1,1,2015,1,422,1,0,0.05,0.2,0.3,0.25,0.15,0.05,0,0,0,0,0.545454545454545,0,0,1,0.3,3.5,3.1,1.62333333333333,3.16666666666667
"7521",1,1,2015,1,426,2,0,0,0.15,0.4,0.3,0.15,0,0,0,0,0,0.363636363636364,0,0,1,0.4,3.5,3.05,0.930833333333331,3.125
"7522",1,1,2015,1,428,2,0,0,0.15,0.4,0.2,0.07,0.06,0.05,0.04,0.03,0,0.727272727272727,0,0,1,0.4,3.5,2.55,3.23083333333333,3.125
"7524",1,1,2015,1,433,2,0,0,0.1,0.6,0.3,0,0,0,0,0,0,0.272727272727273,0,0,1,0.6,3.5,3.3,0.443333333333332,3.33333333333333
"7526",1,1,2015,1,504,1,0,0.01,0.1,0.35,0.3,0.19,0.02,0.01,0.01,0.01,0,0.818181818181818,0,0,1,0.35,3.5,2.73,1.64043333333333,2.86666666666667
"7527",1,1,2015,1,506,2,0,0,0.05,0.55,0.35,0.05,0,0,0,0,0,0.363636363636364,0,0,1,0.55,3.5,3.1,0.523333333333332,3.18181818181818
"7528",1,1,2015,1,507,3,0,0,0.02,0.49,0.47,0.02,0,0,0,0,0,0.363636363636364,0,0,1,0.49,3.5,3.01,0.413233333333336,3.02040816326531
"7529",1,1,2015,1,508,2,0,0.02,0.2,0.4,0.35,0.03,0,0,0,0,0,0.454545454545455,0,0,1,0.4,3.5,3.33,0.804433333333332,3.3
"7530",1,1,2015,1,510,2,0,0,0,0.1,0.9,0,0,0,0,0,0,0.181818181818182,0,0,1,0.9,2.5,2.6,0.173333333333333,2.55555555555556
"7531",1,1,2015,1,512,2,0,0,0,0.1,0.3,0.4,0.15,0.05,0,0,0,0.454545454545455,0,0,1,0.4,1.5,1.75,1.07083333333333,1.75
"7532",1,1,2015,1,518,2,0,0,0.1,0.4,0.4,0.1,0,0,0,0,0,0.363636363636364,0,0,2,0.4,3,3,0.733333333333333,3
"7533",1,1,2015,1,520,2,0,0,0,0.8,0.2,0,0,0,0,0,0,0.181818181818182,0,0,1,0.8,3.5,3.3,0.243333333333331,3.375
"7534",1,1,2015,1,524,2,0,0,0.1,0.4,0.3,0.2,0,0,0,0,0,0.363636363636364,0,0,1,0.4,3.5,2.9,0.923333333333332,3
"7535",1,1,2015,1,527,2,0,0,0,0.4,0.6,0,0,0,0,0,0,0.181818181818182,0,0,1,0.6,2.5,2.9,0.323333333333332,2.83333333333333
"7536",1,1,2015,1,542,1,0,0.05,0.1,0.35,0.3,0.15,0.05,0,0,0,0,0.545454545454545,0,0,1,0.35,3.5,2.95,1.43083333333333,3
"7537",1,1,2015,1,546,1,0,0.01,0.14,0.4,0.3,0.1,0.04,0.01,0,0,0,0.636363636363636,0,0,1,0.4,3.5,3,1.23333333333333,3.125
"7538",1,1,2015,1,548,2,0,0,0,0.1,0.8,0.1,0,0,0,0,0,0.272727272727273,0,0,1,0.8,2.5,2.5,0.283333333333333,2.5
"7539",1,1,2015,1,549,1,0,0,0,0.5,0.5,0,0,0,0,0,0,0.181818181818182,0,0,2,0.5,3,3,0.333333333333334,3
"7540",1,1,2015,1,553,2,0.005,0.02,0.06,0.23,0.44,0.18,0.04,0.01,0.015,0,0,0.818181818181818,1,0,1,0.44,2.5,2.58,1.47693333333333,2.57954545454545
"7541",1,1,2015,1,555,1,0,0,0,0.05,0.9,0.05,0,0,0,0,0,0.272727272727273,0,0,1,0.9,2.5,2.5,0.183333333333333,2.5
"7542",1,1,2015,1,556,1,0,0.075,0.25,0.35,0.275,0.05,0,0,0,0,0,0.454545454545455,0,0,1,0.35,3.5,3.525,1.10770833333333,3.5
"7543",1,1,2015,1,557,1,0,0,0.05,0.4,0.45,0.1,0,0,0,0,0,0.363636363636364,0,0,1,0.45,2.5,2.9,0.623333333333333,2.88888888888889
"7544",1,1,2015,1,559,1,0,0.03,0.15,0.35,0.15,0.15,0.1,0.05,0.02,0,0,0.727272727272727,0,0,1,0.35,3.5,2.66,2.59773333333334,3.08571428571429
"7545",1,1,2015,1,563,2,0.0092,0.046,0.2084,0.4376,0.2444,0.0468,0.0072,4e-04,0,0,0,0.727272727272727,1,0,1,0.4376,3.5,3.4668,1.06023109333333,3.45978062157221
"7546",1,1,2015,1,568,2,0,0.05,0.15,0.25,0.35,0.1,0.05,0.05,0,0,0,0.636363636363636,0,0,1,0.35,2.5,2.85,2.01083333333333,2.85714285714286
"7548",1,1,2015,1,570,2,0.03,0.08,0.22,0.31,0.24,0.1,0.02,0,0,0,0,0.636363636363636,1,0,1,0.31,3.5,3.47,1.71243333333333,3.45161290322581
"7549",1,1,2015,1,572,1,0,0.02,0.06,0.42,0.35,0.09,0.05,0.01,0,0,0,0.636363636363636,0,0,1,0.42,3.5,2.88,1.15893333333333,3
"7550",1,1,2015,1,574,2,0.02,0.08,0.2,0.4,0.2,0.07,0.02,0.01,0,0,0,0.727272727272727,1,0,1,0.4,3.5,3.48,1.60293333333333,3.5
"7552",1,1,2015,1,577,2,0.154,0.086,0.108,0.193,0.159,0.105,0.104,0.04,0.036,0.015,0,0.909090909090909,1,0,1,0.193,3.5,3.131,5.38017233333333,3.21243523316062
"7553",1,1,2015,1,578,2,0,0,0.15,0.5,0.3,0.05,0,0,0,0,0,0.363636363636364,0,0,1,0.5,3.5,3.25,0.670833333333334,3.3
"7554",1,1,2015,1,579,1,0,0,0,0.45,0.4,0.15,0,0,0,0,0,0.272727272727273,0,0,1,0.45,3.5,2.8,0.593333333333332,2.875
"7687",1,1,2016,1,421,2,0,0,0,0.3,0.5,0.2,0,0,0,0,0,0.272727272727273,0,0,1,0.5,2.5,2.6,0.573333333333336,2.6
"7688",1,1,2016,1,422,1,0.01,0.02,0.07,0.15,0.35,0.2,0.1,0.05,0.03,0.01,0.01,1,1,1,1,0.35,2.5,2.105,2.90230833333333,2.28571428571429
"7690",1,1,2016,1,426,2,0,0,0,0.15,0.3,0.3,0.25,0,0,0,0,0.363636363636364,0,0,2,0.3,2,1.85,1.11083333333333,1.83333333333333
"7691",1,1,2016,1,433,2,0,0,0,0,0.55,0.4,0.05,0,0,0,0,0.272727272727273,0,0,1,0.55,2.5,2,0.433333333333334,2.09090909090909
"7693",1,1,2016,1,472,2,0,0,0,0,0.65,0.35,0,0,0,0,0,0.181818181818182,0,0,1,0.65,2.5,2.15,0.310833333333333,2.23076923076923
"7694",1,1,2016,1,484,2,0,0.01,0.08,0.16,0.44,0.24,0.05,0.02,0,0,0,0.636363636363636,0,0,1,0.44,2.5,2.45,1.27083333333333,2.43181818181818
"7695",1,1,2016,1,504,1,0,0.01,0.05,0.26,0.35,0.25,0.05,0.01,0.01,0.01,0,0.818181818181818,0,0,1,0.35,2.5,2.42,1.57693333333333,2.48571428571429
"7696",1,1,2016,1,506,2,0.01,0.01,0.05,0.1,0.55,0.12,0.05,0.05,0.03,0.02,0.01,1,1,1,1,0.55,2.5,2.115,2.66010833333333,2.4
"7697",1,1,2016,1,507,3,0,0,0,0.05,0.5,0.4,0.05,0,0,0,0,0.363636363636364,0,0,1,0.5,2.5,2.05,0.530833333333332,2.1
"7698",1,1,2016,1,508,2,0,0,0,0.05,0.5,0.35,0.1,0,0,0,0,0.363636363636364,0,0,1,0.5,2.5,2,0.633333333333333,2.1
"7699",1,1,2016,1,510,2,0,0,0,0,0.1,0.6,0.15,0.15,0,0,0,0.363636363636364,0,0,1,0.6,1.5,1.15,0.810833333333333,1.33333333333333
"7700",1,1,2016,1,512,2,0,0,0,0,0.05,0.4,0.3,0.25,0,0,0,0.363636363636364,0,0,1,0.4,1.5,0.75,0.870833333333333,0.833333333333333
"7701",1,1,2016,1,518,2,0,0,0,0.1,0.6,0.2,0.1,0,0,0,0,0.363636363636364,0,0,1,0.6,2.5,2.2,0.693333333333332,2.33333333333333
"7702",1,1,2016,1,520,2,0,0,0,0,0.4,0.5,0.1,0,0,0,0,0.272727272727273,0,0,1,0.5,1.5,1.8,0.493333333333333,1.8
"7703",1,1,2016,1,524,2,0,0,0,0.2,0.4,0.2,0.1,0.1,0,0,0,0.454545454545455,0,0,1,0.4,2.5,2,1.53333333333333,2.25
"7704",1,1,2016,1,527,2,0,0,0,0,0.8,0.2,0,0,0,0,0,0.181818181818182,0,0,1,0.8,2.5,2.3,0.243333333333334,2.375
"7705",1,1,2016,1,528,1,0,0,0,0,0.05,0.9,0.05,0,0,0,0,0.272727272727273,0,0,1,0.9,1.5,1.5,0.183333333333334,1.5
"7706",1,1,2016,1,532,2,0,0,0,0,0.5,0.4,0,0,0,0.1,0,0.272727272727273,0,0,1,0.5,2.5,1.6,2.17333333333333,2
"7708",1,1,2016,1,535,1,0,0,0,0.05,0.65,0.15,0.1,0.05,0,0,0,0.454545454545455,0,0,1,0.65,2.5,2.05,0.930833333333332,2.30769230769231
"7709",1,1,2016,1,542,1,0,0,0,0.1,0.65,0.15,0.1,0,0,0,0,0.363636363636364,0,0,1,0.65,2.5,2.25,0.670833333333333,2.38461538461538
"7710",1,1,2016,1,546,1,0,0,0.01,0.1,0.3,0.35,0.18,0.05,0.01,0,0,0.636363636363636,0,0,1,0.35,1.5,1.72,1.29493333333333,1.74285714285714
"7711",1,1,2016,1,548,2,0,0,0,0,0.05,0.2,0.35,0.35,0.05,0,0,0.454545454545455,0,0,2,0.35,0,0.35,1.01083333333333,0.285714285714286
"7712",1,1,2016,1,549,1,0,0,0,0,0.5,0.5,0,0,0,0,0,0.181818181818182,0,0,2,0.5,2,2,0.333333333333333,2
"7713",1,1,2016,1,553,2,0.001,0.0075,0.0375,0.155,0.53,0.204,0.0494,0.013,0.0025,1e-04,0,0.909090909090909,1,0,1,0.53,2.5,2.4042,1.02375569333333,2.43584905660377
"7714",1,1,2016,1,555,1,0,0,0,0,0.4,0.4,0.2,0,0,0,0,0.272727272727273,0,0,2,0.4,2,1.7,0.643333333333333,1.75
"7715",1,1,2016,1,556,1,0,0,0.05,0.25,0.4,0.25,0.05,0,0,0,0,0.454545454545455,0,0,1,0.4,2.5,2.5,0.983333333333333,2.5
"7716",1,1,2016,1,557,1,0,0,0,0.15,0.55,0.25,0.05,0,0,0,0,0.363636363636364,0,0,1,0.55,2.5,2.3,0.643333333333334,2.36363636363636
"7717",1,1,2016,1,563,2,0.0024,0.0036,0.0188,0.0908,0.3556,0.3956,0.1156,0.016,0.0016,0,0,0.818181818181818,1,0,1,0.3956,1.5,1.9676,1.06428357333333,1.92719919110212
"7718",1,1,2016,1,568,2,0,0,0.02,0.08,0.3,0.28,0.15,0.1,0.04,0.03,0,0.727272727272727,0,0,1,0.3,2.5,1.43,2.26843333333333,1.64285714285714
"7720",1,1,2016,1,570,2,0,0,0.03,0.18,0.37,0.31,0.1,0.01,0,0,0,0.545454545454545,0,0,1,0.37,2.5,2.2,1.09333333333333,2.21621621621622
"7721",1,1,2016,1,572,1,0,0,0,0.03,0.35,0.3,0.15,0.15,0.02,0,0,0.545454545454545,0,0,1,0.35,2.5,1.4,1.47333333333333,1.6
"7722",1,1,2016,1,574,2,0,0.01,0.04,0.2,0.35,0.35,0.04,0.01,0,0,0,0.636363636363636,0,0,2,0.35,2,2.35,1.11083333333333,2.28571428571429
"7723",1,1,2016,1,576,2,0,0.0125,0.025,0.0375,0.85,0.0375,0.025,0.0125,0,0,0,0.636363636363636,0,0,1,0.85,2.5,2.5,0.583333333333333,2.5
"7724",1,1,2016,1,577,2,0,0,0,0.1,0.4,0.28,0.07,0.08,0.05,0.02,0,0.636363636363636,0,0,1,0.4,2.5,1.64,2.02373333333333,2
"7725",1,1,2016,1,578,2,0,0,0,0.05,0.4,0.4,0.1,0.05,0,0,0,0.454545454545455,0,0,2,0.4,2,1.8,0.893333333333332,1.875
"7726",1,1,2016,1,579,1,0,0,0,0,0.25,0.45,0.3,0,0,0,0,0.272727272727273,0,0,1,0.45,1.5,1.45,0.630833333333333,1.44444444444444
"7852",1,1,2017,1,421,2,0,0,0.05,0.2,0.35,0.25,0.1,0.05,0,0,0,0.545454545454545,0,0,1,0.35,2.5,2.2,1.49333333333333,2.28571428571429
"7853",1,1,2017,1,422,1,0.01,0.02,0.1,0.28,0.22,0.15,0.1,0.06,0.03,0.02,0.01,1,1,1,1,0.28,3.5,2.265,3.54310833333333,2.59090909090909
"7855",1,1,2017,1,426,2,0,0,0.1,0.35,0.25,0.2,0.1,0,0,0,0,0.454545454545455,0,0,1,0.35,3.5,2.65,1.41083333333333,2.8
"7857",1,1,2017,1,433,2,0,0,0.02,0.15,0.5,0.3,0.03,0,0,0,0,0.454545454545455,0,0,1,0.5,2.5,2.33,0.704433333333333,2.34
"7858",1,1,2017,1,446,2,0,0,0.07,0.19,0.4,0.26,0.08,0,0,0,0,0.454545454545455,0,0,1,0.4,2.5,2.41,1.12523333333333,2.4
"7860",1,1,2017,1,463,2,0,0,0.04,0.1,0.7,0.1,0.06,0,0,0,0,0.454545454545455,0,0,1,0.7,2.5,2.46,0.681733333333333,2.48571428571429
"7861",1,1,2017,1,472,2,0,0,0,0.02,0.9,0.08,0,0,0,0,0,0.272727272727273,0,0,1,0.9,2.5,2.44,0.179733333333334,2.46666666666667
"7862",1,1,2017,1,484,2,0,0.02,0.08,0.26,0.38,0.21,0.04,0.01,0,0,0,0.636363636363636,0,0,1,0.38,2.5,2.66,1.27773333333333,2.63157894736842
"7863",1,1,2017,1,504,1,0,0.01,0.03,0.12,0.37,0.32,0.11,0.02,0.01,0.01,0,0.818181818181818,0,0,1,0.37,2.5,2.02,1.53293333333333,2.08108108108108
"7864",1,1,2017,1,506,2,0,0,0.01,0.05,0.4,0.3,0.1,0.08,0.05,0.01,0,0.727272727272727,0,0,1,0.4,2.5,1.58,1.79693333333333,1.86666666666667
"7865",1,1,2017,1,508,2,0,0,0,0.05,0.4,0.4,0.15,0,0,0,0,0.363636363636364,0,0,2,0.4,2,1.85,0.710833333333333,1.875
"7866",1,1,2017,1,510,2,0,0,0,0.1,0.8,0.1,0,0,0,0,0,0.272727272727273,0,0,1,0.8,2.5,2.5,0.283333333333333,2.5
"7867",1,1,2017,1,512,2,0,0,0,0,0.3,0.5,0.2,0,0,0,0,0.272727272727273,0,0,1,0.5,1.5,1.6,0.573333333333333,1.6
"7868",1,1,2017,1,518,2,0,0,0,0.1,0.65,0.15,0.1,0,0,0,0,0.363636363636364,0,0,1,0.65,2.5,2.25,0.670833333333333,2.38461538461538
"7869",1,1,2017,1,523,2,0.0725,0.0613,0.0943,0.1451,0.2232,0.1451,0.0943,0.0613,0.0399,0.0259,0.0371,1,1,1,1,0.2232,2.5,2.25975,6.19626327083334,2.43189964157706
"7870",1,1,2017,1,527,2,0,0,0,0.2,0.8,0,0,0,0,0,0,0.181818181818182,0,0,1,0.8,2.5,2.7,0.243333333333332,2.625
"7871",1,1,2017,1,532,2,0,0,0,0,0.45,0.5,0,0,0,0.05,0,0.272727272727273,0,0,1,0.5,1.5,1.75,1.27083333333333,1.9
"7872",1,1,2017,1,535,1,0,0,0,0.05,0.85,0.1,0,0,0,0,0,0.272727272727273,0,0,1,0.85,2.5,2.45,0.230833333333335,2.47058823529412
"7873",1,1,2017,1,542,1,0,0,0,0.1,0.6,0.2,0.1,0,0,0,0,0.363636363636364,0,0,1,0.6,2.5,2.2,0.693333333333332,2.33333333333333
"7874",1,1,2017,1,546,1,0,0,0.05,0.2,0.5,0.15,0.07,0.03,0,0,0,0.545454545454545,0,0,1,0.5,2.5,2.42,1.17693333333333,2.5
"7875",1,1,2017,1,548,2,0,0,0,0.4,0.6,0,0,0,0,0,0,0.181818181818182,0,0,1,0.6,2.5,2.9,0.323333333333332,2.83333333333333
"7876",1,1,2017,1,549,1,0,0,0,0.1,0.8,0.1,0,0,0,0,0,0.272727272727273,0,0,1,0.8,2.5,2.5,0.283333333333333,2.5
"7877",1,1,2017,1,553,2,0.0014,0.004,0.029,0.09,0.38,0.35,0.1,0.03,0.01,0.005,6e-04,1,1,1,1,0.38,2.5,1.9567,1.38305844333333,2.01157894736842
"7878",1,1,2017,1,555,1,0,0,0,0.1,0.6,0.3,0,0,0,0,0,0.272727272727273,0,0,1,0.6,2.5,2.3,0.443333333333334,2.33333333333333
"7879",1,1,2017,1,556,1,0,0.025,0.125,0.2,0.35,0.2,0.075,0.025,0,0,0,0.636363636363636,0,0,1,0.35,2.5,2.6,1.72333333333333,2.57142857142857
"7880",1,1,2017,1,557,1,0,0,0.05,0.15,0.6,0.15,0.05,0,0,0,0,0.454545454545455,0,0,1,0.6,2.5,2.5,0.783333333333332,2.5
"7881",1,1,2017,1,560,2,0,0,0,0.2,0.35,0.3,0.1,0.05,0,0,0,0.454545454545455,0,0,1,0.35,2.5,2.05,1.23083333333333,2.14285714285714
"7882",1,1,2017,1,563,2,0.002,0.0112,0.056,0.2448,0.4416,0.1972,0.0388,0.0064,0.002,0,0,0.818181818181818,1,0,1,0.4416,2.5,2.5964,1.11764037333334,2.57880434782609
"7883",1,1,2017,1,568,2,0,0,0,0.05,0.32,0.35,0.15,0.1,0.03,0,0,0.545454545454545,0,0,1,0.35,1.5,1.48,1.42293333333333,1.62857142857143
"7885",1,1,2017,1,570,2,0,0,0.04,0.2,0.38,0.29,0.09,0,0,0,0,0.454545454545455,0,0,1,0.38,2.5,2.31,1.05723333333333,2.31578947368421
"7886",1,1,2017,1,572,1,0,0,0.04,0.17,0.27,0.2,0.22,0.1,0,0,0,0.545454545454545,0,0,1,0.27,2.5,1.81,1.91723333333333,1.9
"7887",1,1,2017,1,574,2,0,0.02,0.08,0.32,0.32,0.16,0.08,0.02,0,0,0,0.636363636363636,0,0,2,0.32,3,2.66,1.53773333333333,2.75
"7888",1,1,2017,1,576,2,0,0,0.01,0.04,0.45,0.45,0.04,0.01,0,0,0,0.545454545454545,0,0,2,0.45,2,2,0.613333333333333,2
"7889",1,1,2017,1,577,2,0,0,0.03,0.09,0.37,0.4,0.09,0.02,0,0,0,0.545454545454545,0,0,1,0.4,1.5,2.01,0.993233333333333,1.975
"7890",1,1,2017,1,578,2,0,0,0,0.05,0.85,0.1,0,0,0,0,0,0.272727272727273,0,0,1,0.85,2.5,2.45,0.230833333333335,2.47058823529412
"7891",1,1,2017,1,579,1,0,0,0,0.25,0.45,0.3,0,0,0,0,0,0.272727272727273,0,0,1,0.45,2.5,2.45,0.630833333333332,2.44444444444444
"8011",1,1,2018,1,421,2,0,0,0,0.45,0.5,0.05,0,0,0,0,0,0.272727272727273,0,0,1,0.5,2.5,2.9,0.423333333333332,2.9
"8012",1,1,2018,1,422,1,0.01,0.01,0.05,0.11,0.6,0.1,0.06,0.02,0.02,0.01,0.01,1,1,1,1,0.6,2.5,2.305,2.12030833333333,2.46666666666667
"8015",1,1,2018,1,433,2,0,0,0,0.4,0.5,0.1,0,0,0,0,0,0.272727272727273,0,0,1,0.5,2.5,2.8,0.493333333333331,2.8
"8016",1,1,2018,1,446,2,0,0,0,0.35,0.6,0.05,0,0,0,0,0,0.272727272727273,0,0,1,0.6,2.5,2.8,0.393333333333335,2.75
"8018",1,1,2018,1,472,2,0,0,0,0.05,0.95,0,0,0,0,0,0,0.181818181818182,0,0,1,0.95,2.5,2.55,0.130833333333333,2.52631578947368
"8019",1,1,2018,1,484,2,0.0025,0.014,0.1,0.38,0.36,0.08,0.04,0.014,0.004,0.003,0.0025,1,1,1,1,0.38,3.5,2.88275,1.49408577083333,2.99027777777778
"8020",1,1,2018,1,504,1,0,0.01,0.29,0.39,0.25,0.02,0.01,0.01,0.01,0.01,0,0.818181818181818,0,0,1,0.39,3.5,3.34,1.57773333333334,3.48717948717949
"8021",1,1,2018,1,508,2,0,0,0,0.1,0.6,0.2,0.1,0,0,0,0,0.363636363636364,0,0,1,0.6,2.5,2.2,0.693333333333332,2.33333333333333
"8022",1,1,2018,1,510,2,0,0,0,0.1,0.9,0,0,0,0,0,0,0.181818181818182,0,0,1,0.9,2.5,2.6,0.173333333333333,2.55555555555556
"8023",1,1,2018,1,518,2,0,0,0.05,0.45,0.45,0.05,0,0,0,0,0,0.363636363636364,0,0,2,0.45,3,3,0.533333333333335,3
"8026",1,1,2018,1,535,1,0,0,0,0.6,0.4,0,0,0,0,0,0,0.181818181818182,0,0,1,0.6,3.5,3.1,0.323333333333332,3.16666666666667
"8027",1,1,2018,1,546,1,0,0,0.02,0.23,0.5,0.2,0.03,0.02,0,0,0,0.545454545454545,0,0,1,0.5,2.5,2.45,0.89083333333333,2.5
"8028",1,1,2018,1,548,2,0,0,0.15,0.8,0.05,0,0,0,0,0,0,0.272727272727273,0,0,1,0.8,3.5,3.6,0.273333333333333,3.5625
"8029",1,1,2018,1,549,3,0,0,0,0.15,0.8,0.05,0,0,0,0,0,0.272727272727273,0,0,1,0.8,2.5,2.6,0.273333333333332,2.5625
"8030",1,1,2018,1,553,2,0.003,0.003,0.035,0.15,0.45,0.22,0.05,0.04,0.032,0.0155,0.0015,1,1,1,1,0.45,2.5,2.08575,2.01998027083333,2.31333333333333
"8031",1,1,2018,1,555,1,0,0,0,0,0.95,0.05,0,0,0,0,0,0.181818181818182,0,0,1,0.95,2.5,2.45,0.130833333333331,2.47368421052632
"8032",1,1,2018,1,556,1,0,0,0.15,0.35,0.35,0.15,0,0,0,0,0,0.363636363636364,0,0,2,0.35,3,3,0.933333333333332,3
"8033",1,1,2018,1,557,1,0,0,0,0.25,0.45,0.15,0.1,0.05,0,0,0,0.454545454545455,0,0,1,0.45,2.5,2.25,1.27083333333333,2.44444444444444
"8034",1,1,2018,1,559,1,0,0,0.01,0.05,0.32,0.25,0.21,0.14,0.02,0,0,0.636363636363636,0,0,1,0.32,2.5,1.4,1.63333333333333,1.52
"8035",1,1,2018,1,563,2,0.0056,0.026,0.1456,0.4172,0.3192,0.0736,0.0096,0.002,0.0012,0,0,0.818181818181818,1,0,1,0.4172,3.5,3.2052,1.05842629333333,3.22627037392138
"8036",1,1,2018,1,568,2,0,0,0,0.25,0.3,0.25,0.1,0.05,0.05,0,0,0.545454545454545,0,0,1,0.3,2.5,1.95,1.93083333333333,2.16666666666667
"8038",1,1,2018,1,570,2,0,0,0.05,0.21,0.38,0.27,0.08,0.01,0,0,0,0.545454545454545,0,0,1,0.38,2.5,2.35,1.15083333333333,2.36842105263158
"8039",1,1,2018,1,572,1,0,0,0.02,0.13,0.66,0.13,0.05,0.01,0,0,0,0.545454545454545,0,0,1,0.66,2.5,2.41,0.705233333333332,2.46969696969697
"8040",1,1,2018,1,574,2,0,0,0.1,0.35,0.35,0.15,0.05,0,0,0,0,0.454545454545455,0,0,2,0.35,3,2.8,1.09333333333333,2.85714285714286
"8041",1,1,2018,1,576,2,0,0,0.015,0.12,0.84,0.015,0.01,0,0,0,0,0.454545454545455,0,0,1,0.84,2.5,2.615,0.305108333333334,2.56547619047619
"8042",1,1,2018,1,578,2,0,0,0.05,0.4,0.45,0.1,0,0,0,0,0,0.363636363636364,0,0,1,0.45,2.5,2.9,0.623333333333333,2.88888888888889
"8043",1,1,2018,1,579,1,0,0,0,0.25,0.5,0.1,0.1,0.05,0,0,0,0.454545454545455,0,0,1,0.5,2.5,2.3,1.24333333333333,2.5
"8158",1,1,2019,1,421,2,0,0,0,0.2,0.5,0.2,0.05,0.05,0,0,0,0.454545454545455,0,0,1,0.5,2.5,2.25,1.07083333333333,2.4
"8159",1,1,2019,1,422,1,0.01,0.01,0.02,0.1,0.5,0.15,0.1,0.05,0.04,0.01,0.01,1,1,1,1,0.5,2.5,1.935,2.50910833333333,2.28
"8163",1,1,2019,1,433,2,0,0,0,0.05,0.6,0.2,0.1,0.05,0,0,0,0.454545454545455,0,0,1,0.6,2.5,2,0.933333333333333,2.25
"8164",1,1,2019,1,463,2,0,0,0,0.05,0.8,0.15,0,0,0,0,0,0.272727272727273,0,0,1,0.8,2.5,2.4,0.273333333333333,2.4375
"8165",1,1,2019,1,472,2,0,0,0,0.05,0.8,0.15,0,0,0,0,0,0.272727272727273,0,0,1,0.8,2.5,2.4,0.273333333333333,2.4375
"8166",1,1,2019,1,484,2,0,0.01,0.03,0.2,0.4,0.3,0.05,0.01,0,0,0,0.636363636363636,0,0,1,0.4,2.5,2.36,1.06373333333333,2.35
"8167",1,1,2019,1,504,1,0,0.01,0.25,0.37,0.3,0.02,0.01,0.01,0.02,0.01,0,0.818181818181818,0,0,1,0.37,3.5,3.2,1.77333333333334,3.35135135135135
"8168",1,1,2019,1,508,2,0,0,0,0.05,0.5,0.3,0.15,0,0,0,0,0.363636363636364,0,0,1,0.5,2.5,1.95,0.730833333333333,2.1
"8169",1,1,2019,1,510,2,0,0,0,0,0.5,0.25,0.15,0.1,0,0,0,0.363636363636364,0,0,1,0.5,2.5,1.65,1.11083333333333,2
"8170",1,1,2019,1,518,2,0,0,0,0.1,0.7,0.2,0,0,0,0,0,0.272727272727273,0,0,1,0.7,2.5,2.4,0.373333333333331,2.42857142857143
"8171",1,1,2019,1,528,1,0,0,0,0.05,0.6,0.25,0.1,0,0,0,0,0.363636363636364,0,0,1,0.6,2.5,2.1,0.623333333333334,2.25
"8172",1,1,2019,1,535,1,0,0,0,0.4,0.6,0,0,0,0,0,0,0.181818181818182,0,0,1,0.6,2.5,2.9,0.323333333333332,2.83333333333333
"8173",1,1,2019,1,542,1,0,0,0,0.2,0.6,0.1,0.1,0,0,0,0,0.363636363636364,0,0,1,0.6,2.5,2.4,0.773333333333333,2.5
"8174",1,1,2019,1,546,1,0,0,0,0.1,0.35,0.4,0.1,0.05,0,0,0,0.454545454545455,0,0,1,0.4,1.5,1.85,1.01083333333333,1.875
"8175",1,1,2019,1,548,2,0,0,0,0.5,0.5,0,0,0,0,0,0,0.181818181818182,0,0,2,0.5,3,3,0.333333333333334,3
"8176",1,1,2019,1,549,2,0,0,0,0,0.65,0.35,0,0,0,0,0,0.181818181818182,0,0,1,0.65,2.5,2.15,0.310833333333333,2.23076923076923
"8177",1,1,2019,1,553,2,0,0,0,0,0.5,0.35,0.15,0,0,0,0,0.272727272727273,0,0,1,0.5,2.5,1.85,0.610833333333334,2
"8178",1,1,2019,1,555,1,0,0,0,0.15,0.5,0.2,0.1,0.05,0,0,0,0.454545454545455,0,0,1,0.5,2.5,2.1,1.12333333333333,2.3
"8179",1,1,2019,1,557,1,0,0,0,0.1,0.6,0.25,0.05,0,0,0,0,0.363636363636364,0,0,1,0.6,2.5,2.25,0.570833333333333,2.33333333333333
"8180",1,1,2019,1,559,1,0,0,0.01,0.05,0.28,0.25,0.24,0.15,0.02,0,0,0.636363636363636,0,0,1,0.28,2.5,1.31,1.63723333333333,1.36
"8181",1,1,2019,1,563,2,0.0028,0.0112,0.0788,0.3364,0.4248,0.124,0.0176,0.0036,4e-04,4e-04,0,0.909090909090909,1,0,1,0.4248,2.5,2.8652,0.990362293333336,2.83333333333333
"8182",1,1,2019,1,568,2,0,0,0,0.18,0.28,0.28,0.18,0.08,0,0,0,0.454545454545455,0,0,2,0.28,2,1.8,1.49333333333333,1.85714285714286
"8184",1,1,2019,1,570,2,0.000115,0.003517,0.042405,0.200773,0.376975,0.282033,0.083887,0.007401,0.000313,5e-06,0.002576,1,1,1,1,0.376975,2.5,2.306563,1.24860446036433,2.32836394986405
"8185",1,1,2019,1,572,1,0,0,0,0.04,0.58,0.17,0.09,0.08,0.04,0,0,0.545454545454545,0,0,1,0.58,2.5,1.79,1.50923333333333,2.20689655172414
"8186",1,1,2019,1,574,2,0,0.01,0.08,0.2,0.35,0.2,0.1,0.05,0.01,0,0,0.727272727272727,0,0,1,0.35,2.5,2.3,1.86333333333333,2.4
"8188",1,1,2019,1,576,2,0,0,0.07,0.2,0.58,0.1,0.05,0,0,0,0,0.454545454545455,0,0,1,0.58,2.5,2.64,0.843733333333335,2.60344827586207
"8189",1,1,2019,1,577,2,0,0,0,0,0.65,0.25,0.1,0,0,0,0,0.272727272727273,0,0,1,0.65,2.5,2.05,0.530833333333333,2.23076923076923
"8190",1,1,2019,1,579,1,0,0,0,0,0.4,0.25,0.2,0.15,0,0,0,0.363636363636364,0,0,1,0.4,2.5,1.4,1.27333333333333,1.6
